Number,Structure,Abbreviation,Label_Num,,,,,,,,,,,,,,,,,,,,,
1,CingulateCortexArea24a,A24a_L,1,24865,1.97264752,6.1013064,11.514589,6.5666046,1,0,0,1,1,24865,0,,,,,,,,,
1,CingulateCortexArea24a,A24a_R,1001,24865,1.97264752,6.1013064,11.514589,6.5666046,1,0,0,1,1,24865,0,,,,,,,,,
2,CingulateCortexArea24a__prime__,A24aPrime_L,2,10607,0.841498984,6.1287222,9.8263226,7.3873653,2,0,0,2,2,21214,1,,,,,,,,,
2,CingulateCortexArea24a__prime__,A24aPrime_R,1002,10607,0.841498984,6.1287222,9.8263226,7.3873653,2,0,0,2,2,21214,1,,,,,,,,,
3,Cingulate_Cortex__Area_24b,A24b_L,3,23367,1.85380473,6.1108522,11.245997,7.4394045,3,0,0,3,3,70101,2,,,,,,,,,
3,Cingulate_Cortex__Area_24b,A24b_R,1003,23367,1.85380473,6.1108522,11.245997,7.4394045,3,0,0,3,3,70101,2,,,,,,,,,
4,Cingulate_Cortex__Area_24b__prime__,A29bPrime_L,4,8284,0.657205391,6.1289043,9.7132254,7.9852843,4,0,0,4,4,33136,3,,,,,,,,,
4,Cingulate_Cortex__Area_24b__prime__,A29bPrime_R,1004,8284,0.657205391,6.1289043,9.7132254,7.9852843,4,0,0,4,4,33136,3,,,,,,,,,
5,Cingulate_Cortex__Area_29a,A29a_L,5,7182,0.569778986,6.1794515,7.4962149,7.3489361,5,0,0,5,5,35910,4,,,,,,,,,
5,Cingulate_Cortex__Area_29a,A29a_R,1005,7182,0.569778986,6.1794515,7.4962149,7.3489361,5,0,0,5,5,35910,4,,,,,,,,,
6,Cingulate_Cortex__Area_29b,A29b_L,6,5206,0.413014397,6.1058517,6.7397203,7.6013803,6,0,0,6,6,31236,5,,,,,,,,,
6,Cingulate_Cortex__Area_29b,A29b_R,1006,5206,0.413014397,6.1058517,6.7397203,7.6013803,6,0,0,6,6,31236,5,,,,,,,,,
7,Cingulate_Cortex__Area_29c,A29c_L,7,25563,2.028022866,6.1518755,8.2172394,7.8645711,7,0,0,7,7,178941,6,,,,,,,,,
7,Cingulate_Cortex__Area_29c,A29c_R,1007,25563,2.028022866,6.1518755,8.2172394,7.8645711,7,0,0,7,7,178941,6,,,,,,,,,
8,Cingulate_Cortex_Area_30,A30_L,8,42255,3.352271103,6.1273112,7.4629631,8.0158415,8,0,0,8,8,338040,7,,,,,,,,,
8,Cingulate_Cortex_Area_30,A30_R,1008,42255,3.352271103,6.1273112,7.4629631,8.0158415,8,0,0,8,8,338040,7,,,,,,,,,
9,Cingulate_Cortex__Area_32,A32_L,9,32544,2.581855657,6.0927582,12.718763,6.9074125,9,0,0,9,9,292896,8,,,,,,,,,
9,Cingulate_Cortex__Area_32,A32_R,1009,32544,2.581855657,6.0927582,12.718763,6.9074125,9,0,0,9,9,292896,8,,,,,,,,,
10,Primary_Auditory_Cortex,Au1_l,10,21489,1.704814903,5.9809179,7.7709746,6.563776,10,0,0,10,10,214890,9,,,,,,,,,
10,Primary_Auditory_Cortex,Au1_R,1010,21489,1.704814903,5.9809179,7.7709746,6.563776,10,0,0,10,10,214890,9,,,,,,,,,
11,Secondary_Auditory_Cortex__Dorsal_Part,AuD_L,11,22555,1.789385273,6.1203475,7.8939571,6.9967999,11,0,0,11,11,248105,10,,,,,,,,,
11,Secondary_Auditory_Cortex__Dorsal_Part,AuD_R,1011,22555,1.789385273,6.1203475,7.8939571,6.9967999,11,0,0,11,11,248105,10,,,,,,,,,
12,Secondary_Auditory_Cortex__Ventral_Part,AuV_L,12,23763,1.885221115,6.3313417,8.1520996,6.0725036,12,0,0,12,12,285156,11,,,,,,,,,
12,Secondary_Auditory_Cortex__Ventral_Part,AuV_R,1012,23763,1.885221115,6.3313417,8.1520996,6.0725036,12,0,0,12,12,285156,11,,,,,,,,,
13,dorsolateral_orbital_cortex,DLO_L,13,9592,0.760974664,6.0882397,13.3711,5.6814384,13,0,0,13,13,124696,12,,,,,,,,,
13,dorsolateral_orbital_cortex,DLO_R,1013,9592,0.760974664,6.0882397,13.3711,5.6814384,13,0,0,13,13,124696,12,,,,,,,,,
14,frontal_cortex__area_3,Fr3_L,14,15315,1.215004897,6.1641593,12.48221,6.3083725,14,0,0,14,14,214410,13,,,,,,,,,
14,frontal_cortex__area_3,Fr3_R,1014,15315,1.215004897,6.1641593,12.48221,6.3083725,14,0,0,14,14,214410,13,,,,,,,,,
15,frontal_association_cortex,FrA_L,15,106037,8.412371812,6.0575285,13.435517,6.9796357,15,2.65E-07,7.03E-14,15,15,1590555,14,,,,,,,,,
15,frontal_association_cortex,FrA_R,1015,106037,8.412371812,6.0575285,13.435517,6.9796357,15,2.65E-07,7.03E-14,15,15,1590555,14,,,,,,,,,
16,insular_cortex,Ins_L,16,107250,8.508604325,6.3033242,11.346954,4.8802772,16,0,0,16,16,1716000,15,,,,,,,,,
16,insular_cortex,Ins_R,1016,107250,8.508604325,6.3033242,11.346954,4.8802772,16,0,0,16,16,1716000,15,,,,,,,,,
17,lateral_orbital_cortex,LO_L,17,44798,3.554018243,6.1108541,13.152851,5.7879348,17,0,0,17,17,761566,16,,,,,,,,,
17,lateral_orbital_cortex,LO_R,1017,44798,3.554018243,6.1108541,13.152851,5.7879348,17,0,0,17,17,761566,16,,,,,,,,,
18,lateral_parietal_association_cortex,LPtA_L,18,3315,0.262993225,6.1440477,8.3650169,8.1609058,18,0,0,18,18,59670,17,,,,,,,,,
18,lateral_parietal_association_cortex,Lpta_R,1018,3315,0.262993225,6.1440477,8.3650169,8.1609058,18,0,0,18,18,59670,17,,,,,,,,,
19,primary_motor_cortex,M1_L,19,108783,8.630223817,6.1114392,11.263636,7.4465094,19,0,0,19,19,2066877,18,,,,,,,,,
19,primary_motor_cortex,M1_R,1019,108783,8.630223817,6.1114392,11.263636,7.4465094,19,0,0,19,19,2066877,18,,,,,,,,,
20,secondary_motor_cortex,M2_L,20,96162,7.62894554,6.0977755,11.532407,7.6686549,20,0,0,20,20,1923240,19,,,,,,,,,
20,secondary_motor_cortex,M2_R,1020,96162,7.62894554,6.0977755,11.532407,7.6686549,20,0,0,20,20,1923240,19,,,,,,,,,
21,medial_orbital_cortex,M0_L,21,20399,1.618340509,6.0987115,13.258384,6.3314424,21,0,0,21,21,428379,20,,,,,,,,,
21,medial_orbital_cortex,MO_R,1021,20399,1.618340509,6.0987115,13.258384,6.3314424,21,0,0,21,21,428379,20,,,,,,,,,
22,medial_parietal_association_cortex,MPtA_L,22,6174,0.489810006,6.1608109,8.441082,8.2373323,22,0,0,22,22,135828,21,,,,,,,,,
22,medial_parietal_association_cortex,MPtA_R,1022,6174,0.489810006,6.1608109,8.441082,8.2373323,22,0,0,22,22,135828,21,,,,,,,,,
23,parietal_cortex__posterior_area__rostral_part,PtPR_L,23,1400,0.111068029,6.174294,8.2681885,8.033535,23,0,0,23,23,32200,22,,,,,,,,,
23,parietal_cortex__posterior_area__rostral_part,PtPR_R,1023,1400,0.111068029,6.174294,8.2681885,8.033535,23,0,0,23,23,32200,22,,,,,,,,,
24,primary_somatosensory_cortex,S1_L,24,11742,0.931543422,6.3122902,8.1714249,7.4788184,24,0,0,24,24,281808,23,,,,,,,,,
24,primary_somatosensory_cortex,S1_R,1024,11742,0.931543422,6.3122902,8.1714249,7.4788184,24,0,0,24,24,281808,23,,,,,,,,,
25,primary_somatosensory_cortex__barrel_field,S1BF_L,25,125242,9.93598716,6.0777068,9.5570488,7.1021075,25,0,0,25,25,3131050,24,,,,,,,,,
25,primary_somatosensory_cortex__barrel_field,S1BF_R,1025,125242,9.93598716,6.0777068,9.5570488,7.1021075,25,0,0,25,25,3131050,24,,,,,,,,,
26,primary_somatosensory_cortex__dysgranular_zone,S1DZ_L,26,21492,1.705052906,6.1432238,10.001691,7.4209576,26,0,0,26,26,558792,25,,,,,,,,,
26,primary_somatosensory_cortex__dysgranular_zone,S1DZ_R,1026,21492,1.705052906,6.1432238,10.001691,7.4209576,26,0,0,26,26,558792,25,,,,,,,,,
27,primary_somatosensory_cortex__forelimb_region,S1FL_L,27,52514,4.166161749,6.1349897,10.430456,7.4583964,27,0,0,27,27,1417878,26,,,,,,,,,
27,primary_somatosensory_cortex__forelimb_region,S1FL_R,1027,52514,4.166161749,6.1349897,10.430456,7.4583964,27,0,0,27,27,1417878,26,,,,,,,,,
28,primary_somatosensory_cortex__hindlimb_region,S1HL_L,28,42704,3.387892206,6.036108,9.8634272,7.8156304,28,0,0,28,28,1195712,27,,,,,,,,,
28,primary_somatosensory_cortex__hindlimb_region,S1HL_R,1028,42704,3.387892206,6.036108,9.8634272,7.8156304,28,0,0,28,28,1195712,27,,,,,,,,,
29,primary_somatosensory_cortex__jaw_region,S1J_L,29,48878,3.877702212,6.1349845,11.948823,6.397377,29,5.52E-07,3.05E-13,29,29,1417462,28,,,,,,,,,
29,primary_somatosensory_cortex__jaw_region,S1J_R,1029,48878,3.877702212,6.1349845,11.948823,6.397377,29,5.52E-07,3.05E-13,29,29,1417462,28,,,,,,,,,
30,primary_somatosensory_cortex__shoulder_region,S1Sh_L,30,2166,0.171838107,6.1380668,9.0216322,7.8779669,30,0,0,30,30,64980,29,,,,,,,,,
30,primary_somatosensory_cortex__shoulder_region,S1Sh_R,1030,2166,0.171838107,6.1380668,9.0216322,7.8779669,30,0,0,30,30,64980,29,,,,,,,,,
31,primary_somatosensory_cortex__trunk_region,S1Tr_L,31,9186,0.728764936,6.1468644,8.6747065,8.088253,31,0,0,31,31,284766,30,,,,,,,,,
31,primary_somatosensory_cortex__trunk_region,S1Tr_R,1031,9186,0.728764936,6.1468644,8.6747065,8.088253,31,0,0,31,31,284766,30,,,,,,,,,
32,primary_somatosensory_cortex__upper_lip_region,S1ULp_L,32,66883,5.306116393,6.1687512,10.710074,6.3870716,32,0,0,32,32,2140256,31,,,,,,,,,
32,primary_somatosensory_cortex__upper_lip_region,S1ULp_R,1032,66883,5.306116393,6.1687512,10.710074,6.3870716,32,0,0,32,32,2140256,31,,,,,,,,,
33,secondary_somatosensory_cortex,S2_L,33,83341,6.611800402,6.2336879,10.123708,5.6463585,33,0,0,33,33,2750253,32,,,,,,,,,
33,secondary_somatosensory_cortex,S2_R,1033,83341,6.611800402,6.2336879,10.123708,5.6463585,33,0,0,33,33,2750253,32,,,,,,,,,
34,temporal_association_cortex,TeA_L,34,40981,3.251199197,6.0013461,7.3035903,5.9662604,34,0,0,34,34,1393354,33,,,,,,,,,
34,temporal_association_cortex,TeA_R,1034,40981,3.251199197,6.0013461,7.3035903,5.9662604,34,0,0,34,34,1393354,33,,,,,,,,,
35,primary_visual_cortex,V1_L,35,8458,V1_L,6.0834885,7.9189582,7.9493213,35,0,0,35,35,296030,34,,,,,,,,,
35,primary_visual_cortex,V1_R,1035,8458,0.671009561,6.0834885,7.9189582,7.9493213,35,0,0,35,35,296030,34,,,,,,,,,
36,primary_visual_cortex__binocular_area,V1B_L,36,30447,2.415491617,6.1732273,6.8922014,7.563633,36,0,0,36,36,1096092,35,,,,,,,,,
36,primary_visual_cortex__binocular_area,V1B_R,1036,30447,2.415491617,6.1732273,6.8922014,7.563633,36,0,0,36,36,1096092,35,,,,,,,,,
37,primary_visual_cortex__monocular_area,V1M_L,37,67875,5.384816024,6.2247615,6.3295937,7.6423244,37,0,0,37,37,2511375,36,,,,,,,,,
37,primary_visual_cortex__monocular_area,V1M_R,1037,67875,5.384816024,6.2247615,6.3295937,7.6423244,37,0,0,37,37,2511375,36,,,,,,,,,
38,secondary_visual_cortex__lateral_area,V2L_L,38,37579,2.981303888,6.2822714,6.8646069,7.1254792,38,0,0,38,38,1428002,37,,,,,,,,,
38,secondary_visual_cortex__lateral_area,V2L_R,1038,37579,2.981303888,6.2822714,6.8646069,7.1254792,38,0,0,38,38,1428002,37,,,,,,,,,
39,secondary_visual_cortex__mediolateral_area,V2ML_L,39,17096,1.356299296,6.1499095,7.3543735,8.2095003,39,0,0,39,39,666744,38,,,,,,,,,
39,secondary_visual_cortex__mediolateral_area,V2ML_R,1039,17096,1.356299296,6.1499095,7.3543735,8.2095003,39,0,0,39,39,666744,38,,,,,,,,,
40,secondary_visual_cortex__mediomedial_area,V2MM_L,40,30263,2.400894104,6.1716371,6.7572803,8.106225,40,0,0,40,40,1210520,39,,,,,,,,,
40,secondary_visual_cortex__mediomedial_area,V2MM_R,1040,30263,2.400894104,6.1716371,6.7572803,8.106225,40,0,0,40,40,1210520,39,,,,,,,,,
41,ventral_orbital_cortex,V0_L,41,20907,1.658642337,6.116859,13.199687,6.0755582,41,0,0,41,41,857187,40,,,,,,,,,
41,ventral_orbital_cortex,VO_R,1041,20907,1.658642337,6.116859,13.199687,6.0755582,41,0,0,41,41,857187,40,,,,,,,,,
42,caudomedial_entorhinal_cortex,Cent_L,42,68149,5.406553624,6.2593145,5.7749434,5.0017295,42,0,0,42,42,2862258,41,,,,,,,,,
42,caudomedial_entorhinal_cortex,Cent_R,1042,68149,5.406553624,6.2593145,5.7749434,5.0017295,42,0,0,42,42,2862258,41,,,,,,,,,
43,dorsal_intermediate_entorhinal_cortex,DIEnt_L,43,19198,1.523060008,6.1055393,7.1976085,3.7845318,43,0,0,43,43,825514,42,,,,,,,,,
43,dorsal_intermediate_entorhinal_cortex,DIEnt_R,1043,19198,1.523060008,6.1055393,7.1976085,3.7845318,43,0,0,43,43,825514,42,,,,,,,,,
44,dorsolateral_entorhinal_cortex,DLEnt_L,44,35956,2.852544309,6.2850547,7.0825567,4.504632,44,0,0,44,44,1582064,43,,,,,,,,,
44,dorsolateral_entorhinal_cortex,DLEnt_R,1044,35956,2.852544309,6.2850547,7.0825567,4.504632,44,0,0,44,44,1582064,43,,,,,,,,,
45,medial_entorhinal_cortex,MEnt_L,45,10608,0.841578319,6.1113424,6.3301721,3.9291606,45,0,0,45,45,477360,44,,,,,,,,,
45,medial_entorhinal_cortex,MEnt_R,1045,10608,0.841578319,6.1113424,6.3301721,3.9291606,45,0,0,45,45,477360,44,,,,,,,,,
46,ventral_intermediate_entorhinal_cortex,VIEnt_L,46,17156,1.361059355,6.3170352,6.9339056,3.4958069,46,0,0,46,46,789176,45,,,,,,,,,
46,ventral_intermediate_entorhinal_cortex,VIEnt_R,1046,17156,1.361059355,6.3170352,6.9339056,3.4958069,46,0,0,46,46,789176,45,,,,,,,,,
47,claustrum,Cl_L,47,3494,0.277194065,6.0841584,12.124052,4.849225,47,8.94E-07,8.00E-13,47,47,164218,46,,,,,,,,,
47,claustrum,Cl_R,1047,3494,0.277194065,6.0841584,12.124052,4.849225,47,8.94E-07,8.00E-13,47,47,164218,46,,,,,,,,,
48,dorsal_claustrum,DCl_L,48,1622,0.128680244,5.9887843,10.502413,4.833405,48,0,0,48,48,77856,47,,,,,,,,,
48,dorsal_claustrum,DCl_R,1048,1622,0.128680244,5.9887843,10.502413,4.833405,48,0,0,48,48,77856,47,,,,,,,,,
49,posterolateral_cortical_amygdaloid_area,PLCo_L,49,25271,2.004857249,6.1981678,8.5274534,2.3992617,49,0,0,49,49,1238279,48,,,,,,,,,
49,posterolateral_cortical_amygdaloid_area,PLCo_R,1049,25271,2.004857249,6.1981678,8.5274534,2.3992617,49,0,0,49,49,1238279,48,,,,,,,,,
50,Ventral_Claustrum,VCl_L,50,4524,0.358908401,6.6542726,10.602923,4.5771537,50,0,0,50,50,226200,49,,,,,,,,,
50,Ventral_Claustrum,VCl_R,1050,4524,0.358908401,6.6542726,10.602923,4.5771537,50,0,0,50,50,226200,49,,,,,,,,,
51,Hippocampus,Hc_L,51,384429,30.49840795,6.0902538,7.7217031,5.6604509,51,0,0,51,51,19605880,50,,,,,,,,,
51,Hippocampus,Hc_R,1051,384429,30.49840795,6.0902538,7.7217031,5.6604509,51,0,0,51,51,19605880,50,,,,,,,,,
52,dorsal_tenia_tecta,DTT_L,52,7157,0.567795629,6.1147809,12.605872,4.9519343,52,0,0,52,52,372164,51,,,,,,,,,
52,dorsal_tenia_tecta,DTT_R,1052,7157,0.567795629,6.1147809,12.605872,4.9519343,52,0,0,52,52,372164,51,,,,,,,,,
53,ectorhinal_cortex,Ect_L,53,38788,3.077219064,6.1889329,7.4381599,5.4883699,53,0,0,53,53,2055764,52,,,,,,,,,
53,ectorhinal_cortex,Ect_R,1053,38788,3.077219064,6.1889329,7.4381599,5.4883699,53,0,0,53,53,2055764,52,,,,,,,,,
54,parasubiculum,PaS_L,54,15874,1.259352774,6.2432647,6.1107688,5.4276495,54,0,0,54,54,857196,53,,,,,,,,,
54,parasubiculum,PaS_R,1054,15874,1.259352774,6.2432647,6.1107688,5.4276495,54,0,0,54,54,857196,53,,,,,,,,,
55,perirhinal_cortex,PRh_L,55,30049,2.383916563,6.4173975,7.5207791,4.9563184,55,0,0,55,55,1652695,54,,,,,,,,,
55,perirhinal_cortex,PRh_R,1055,30049,2.383916563,6.4173975,7.5207791,4.9563184,55,0,0,55,55,1652695,54,,,,,,,,,
56,presubiculum,PrS_L,56,1893,0.150179841,5.8108807,6.3668118,5.9200678,56,0,0,56,56,106008,55,,,,,,,,,
56,presubiculum,PrS_R,1056,1893,0.150179841,5.8108807,6.3668118,5.9200678,56,0,0,56,56,106008,55,,,,,,,,,
57,Piriform_Cortex,Pir_L,57,680527,53.9891373,6.0660005,13.146106,4.7437859,57,0,0,57,57,38790040,56,,,,,,,,,
57,Piriform_Cortex,Pir_R,1057,680527,53.9891373,6.0660005,13.146106,4.7437859,57,0,0,57,57,38790040,56,,,,,,,,,
58,Amygdalopiriform_Transition_Area,APir_L,58,3952,0.313529178,5.8017483,7.7915173,2.9204636,58,0,0,58,58,229216,57,,,,,,,,,
58,Amygdalopiriform_Transition_Area,APir_R,1058,3952,0.313529178,5.8017483,7.7915173,2.9204636,58,0,0,58,58,229216,57,,,,,,,,,
59,Hypothalamus,Hyp_L,59,119233,9.459267315,6.0911551,9.2408104,3.0323799,59,1.00E-06,1.00E-12,59,59,7034747,58,,,,,,,,,
59,Hypothalamus,Hyp_R,1059,119233,9.459267315,6.0911551,9.2408104,3.0323799,59,1.00E-06,1.00E-12,59,59,7034747,58,,,,,,,,,
60,Preoptic_Telencephalon,Preopt_L,60,69344,5.50135812,6.1363587,11.059151,3.298377,60,0,0,60,60,4160640,59,,,,,,,,,
60,Preoptic_Telencephalon,Preopt_R,1060,69344,5.50135812,6.1363587,11.059151,3.298377,60,0,0,60,60,4160640,59,,,,,,,,,
61,Subthalamic_Nucleus,Sthal_L,61,5786,0.459028295,6.2204952,8.5059376,3.7883079,61,0,0,61,61,352946,60,,,,,,,,,
61,Subthalamic_Nucleus,Sthal_R,1061,5786,0.459028295,6.2204952,8.5059376,3.7883079,61,0,0,61,61,352946,60,,,,,,,,,
62,Septum,SPT_L,62,86080,6.829097066,6.094461,11.459157,4.4269285,62,0,0,62,62,5336960,61,,,,,,,,,
62,Septum,SPT_R,1062,86080,6.829097066,6.094461,11.459157,4.4269285,62,0,0,62,62,5336960,61,,,,,,,,,
63,Globus_Pallidus,GP_L,63,29485,2.339172014,6.1565676,10.030157,4.3692832,63,1.01E-06,1.01E-12,63,63,1857555,62,,,,,,,,,
63,Globus_Pallidus,GP_R,1063,29485,2.339172014,6.1565676,10.030157,4.3692832,63,1.01E-06,1.01E-12,63,63,1857555,62,,,,,,,,,
64,Striatum,Cpu_L,64,327351,25.97016442,6.0631309,10.723699,5.1716781,64,0,0,64,64,20950464,63,,,,,,,,,
64,Striatum,Cpu_R,1064,327351,25.97016442,6.0631309,10.723699,5.1716781,64,0,0,64,64,20950464,63,,,,,,,,,
65,Amygdala,Amy_L,65,141702,11.24182984,6.1827779,9.074007,3.0880749,65,0,0,65,65,9210630,64,,,,,,,,,
65,Amygdala,Amy_R,1065,141702,11.24182984,6.1827779,9.074007,3.0880749,65,0,0,65,65,9210630,64,,,,,,,,,
66,Accumbens,Acb_L,66,55230,4.381633724,6.0818243,12.044892,3.861819,66,0,0,66,66,3645180,65,,,,,,,,,
66,Accumbens,Acb_R,1066,55230,4.381633724,6.0818243,12.044892,3.861819,66,0,0,66,66,3645180,65,,,,,,,,,
67,Bed_Nucleus_of_the_Stria_Terminalis,BNst_L,67,6455,0.512102946,5.9384689,10.7548,4.5425758,67,0,0,67,67,432485,66,,,,,,,,,
67,Bed_Nucleus_of_the_Stria_Terminalis,BNst_R,1067,6455,0.512102946,5.9384689,10.7548,4.5425758,67,0,0,67,67,432485,66,,,,,,,,,
68,Ventral_Pallidum,Vpal_L,68,19736,1.565741864,5.9699039,10.764091,3.4358001,68,0,0,68,68,1342048,67,,,,,,,,,
68,Ventral_Pallidum,Vpal_R,1068,19736,1.565741864,5.9699039,10.764091,3.4358001,68,0,0,68,68,1342048,67,,,,,,,,,
69,Periaquaductal_Grey,PAG_L,69,57006,4.522531452,6.1155772,6.2278423,5.9523845,69,0,0,69,69,3933414,68,,,,,,,,,
69,Periaquaductal_Grey,PAG_R,1069,57006,4.522531452,6.1155772,6.2278423,5.9523845,69,0,0,69,69,3933414,68,,,,,,,,,
70,Anterior_Pretectal_Nucleus,APT_L,70,9808,0.778110874,6.0592947,7.9309063,5.840981,70,0,0,70,70,686560,69,,,,,,,,,
70,Anterior_Pretectal_Nucleus,APT_R,1070,9808,0.778110874,6.0592947,7.9309063,5.840981,70,0,0,70,70,686560,69,,,,,,,,,
71,Ventral_Tegmental_Area,VTA_L,71,4380,0.347484261,6.1535592,7.5119452,3.7967236,71,0,0,71,71,310980,70,,,,,,,,,
71,Ventral_Tegmental_Area,VTA_R,1071,4380,0.347484261,6.1535592,7.5119452,3.7967236,71,0,0,71,71,310980,70,,,,,,,,,
72,Thalamus_Rest,ThalRest_L,72,139213,11.04436675,6.1059675,9.1712866,4.923059,72,0,0,72,72,10023336,71,,,,,,,,,
72,Thalamus_Rest,ThalRest_R,1072,139213,11.04436675,6.1059675,9.1712866,4.923059,72,0,0,72,72,10023336,71,,,,,,,,,
73,Ventral_Thalamic_Nuclei,VT_L,73,51406,4.078259338,6.1061935,8.8992281,5.1679716,73,0,0,73,73,3752638,72,,,,,,,,,
73,Ventral_Thalamic_Nuclei,VT_R,1073,51406,4.078259338,6.1061935,8.8992281,5.1679716,73,0,0,73,73,3752638,72,,,,,,,,,
74,Latero_Dorsal_Nucleus_of_Thalamus,LDNT_L,74,6236,0.494728733,6.1079512,9.4421692,5.9754515,74,0,0,74,74,461464,73,,,,,,,,,
74,Latero_Dorsal_Nucleus_of_Thalamus,LDNT_R,1074,6236,0.494728733,6.1079512,9.4421692,5.9754515,74,0,0,74,74,461464,73,,,,,,,,,
75,Medial_Geniculate_Nucleus,MGN_L,75,8990,0.713215412,6.1286993,7.5977473,5.2990832,75,0,0,75,75,674250,74,,,,,,,,,
75,Medial_Geniculate_Nucleus,MGN_R,1075,8990,0.713215412,6.1286993,7.5977473,5.2990832,75,0,0,75,75,674250,74,,,,,,,,,
76,Lateral_Geniculate_Nucleus,LGN_L,76,12554,0.995962878,6.134645,8.3500957,5.8893962,76,0,0,76,76,954104,75,,,,,,,,,
76,Lateral_Geniculate_Nucleus,LGN_R,1076,12554,0.995962878,6.134645,8.3500957,5.8893962,76,0,0,76,76,954104,75,,,,,,,,,
77,Zona_Incerta,ZI_L,77,25094,1.990815076,6.184413,8.382658,4.3543143,77,0,0,77,77,1932238,76,,,,,,,,,
77,Zona_Incerta,ZI_R,1077,25094,1.990815076,6.184413,8.382658,4.3543143,77,0,0,77,77,1932238,76,,,,,,,,,
78,Reticular_Nucleus_of_Thalamus,RTN_L,78,30934,2.454127424,6.0571098,9.1776104,5.0209923,78,0,0,78,78,2412852,77,,,,,,,,,
78,Reticular_Nucleus_of_Thalamus,RTN_R,1078,30934,2.454127424,6.0571098,9.1776104,5.0209923,78,0,0,78,78,2412852,77,,,,,,,,,
79,Subbrachial_Nucleus_and_Peripeduncular_Nucleus,Sub_PP_L,79,2176,0.17263145,6.1680522,7.4573655,4.7998261,79,0,0,79,79,171904,78,,,,,,,,,
79,Subbrachial_Nucleus_and_Peripeduncular_Nucleus,Sub_PP_R,1079,2176,0.17263145,6.1680522,7.4573655,4.7998261,79,0,0,79,79,171904,78,,,,,,,,,
80,Deep_Mesencephalic_Nuclei,DpMe_L,80,28428,2.255315653,6.0356183,7.3132391,5.0067368,80,0,0,80,80,2274240,79,,,,,,,,,
80,Deep_Mesencephalic_Nuclei,DpMe_R,1080,28428,2.255315653,6.0356183,7.3132391,5.0067368,80,0,0,80,80,2274240,79,,,,,,,,,
81,Superior_Colliculus,SC_L,81,131859,10.46094226,6.1210995,6.7049794,6.7857575,81,0,0,81,81,10680579,80,,,,,,,,,
81,Superior_Colliculus,SC_R,1081,131859,10.46094226,6.1210995,6.7049794,6.7857575,81,0,0,81,81,10680579,80,,,,,,,,,
82,Inferior_Colliculus,IC_L,82,74349,5.898426322,6.1463752,5.4046998,6.8184233,82,0,0,82,82,6096618,81,,,,,,,,,
82,Inferior_Colliculus,IC_R,1082,74349,5.898426322,6.1463752,5.4046998,6.8184233,82,0,0,82,82,6096618,81,,,,,,,,,
83,Substantia_Nigra,SN_L,83,17239,1.367644102,6.1382222,7.4776759,4.0477867,83,0,0,83,83,1430837,82,,,,,,,,,
83,Substantia_Nigra,SN_R,1083,17239,1.367644102,6.1382222,7.4776759,4.0477867,83,0,0,83,83,1430837,82,,,,,,,,,
84,Red_Nucleus_Parvicellular,RPC_L,84,1847,0.146530463,6.115799,7.0679445,4.7396402,84,0,0,84,84,155148,83,,,,,,,,,
84,Red_Nucleus_Parvicellular,RPC_R,1084,1847,0.146530463,6.115799,7.0679445,4.7396402,84,0,0,84,84,155148,83,,,,,,,,,
85,Midbrain_Reticular_Nucleus_,MRN_L,85,44678,3.544498126,6.0616269,6.7659225,5.1729331,85,0,0,85,85,3797630,84,,,,,,,,,
85,Midbrain_Reticular_Nucleus_,MRN_R,1085,44678,3.544498126,6.0616269,6.7659225,5.1729331,85,0,0,85,85,3797630,84,,,,,,,,,
86,Rostral_Linear_Nucleus,RI_L,86,3813,0.302501709,6.1258807,7.300827,4.3665996,86,0,0,86,86,327918,85,,,,,,,,,
86,Rostral_Linear_Nucleus,RI_R,1086,3813,0.302501709,6.1258807,7.300827,4.3665996,86,0,0,86,86,327918,85,,,,,,,,,
87,Cuneiform_Nucleus,Cn_L,87,4168,0.330665388,5.8168225,5.7331762,5.4783545,87,0,0,87,87,362616,86,,,,,,,,,
87,Cuneiform_Nucleus,Cn_R,1087,4168,0.330665388,5.8168225,5.7331762,5.4783545,87,0,0,87,87,362616,86,,,,,,,,,
88,Precuneiform_Nucleus,PrCn_L,88,6588,0.522654408,6.0730429,6.2416358,5.7937284,88,0,0,88,88,579744,87,,,,,,,,,
88,Precuneiform_Nucleus,PrCn_R,1088,6588,0.522654408,6.0730429,6.2416358,5.7937284,88,0,0,88,88,579744,87,,,,,,,,,
89,Brain_Stem_Rest,BrainStem_L,89,92375,7.328506523,6.175889,4.5928349,3.9086912,89,0,0,89,89,8221375,88,,,,,,,,,
89,Brain_Stem_Rest,BrainStem_R,1089,92375,7.328506523,6.175889,4.5928349,3.9086912,89,0,0,89,89,8221375,88,,,,,,,,,
90,Interpeduncular_Nucleus,Iped_L,90,3273,0.259661184,6.1448159,7.3018155,3.6737587,90,0,0,90,90,294570,89,,,,,,,,,
90,Interpeduncular_Nucleus,Iped_R,1090,3273,0.259661184,6.1448159,7.3018155,3.6737587,90,0,0,90,90,294570,89,,,,,,,,,
91,Cerebellar_Cortex,CC_L,91,585328,46.4365907,6.1845765,4.0177269,5.67485,91,0,0,91,91,53264848,90,,,,,,,,,
91,Cerebellar_Cortex,CC_R,1091,585328,46.4365907,6.1845765,4.0177269,5.67485,91,0,0,91,91,53264848,90,,,,,,,,,
92,Dentate_orLateral_Nucleus_of_Cerebellum,Den_L,92,5870,0.465692377,6.1129088,4.5325179,5.0852342,92,0,0,92,92,540040,91,,,,,,,,,
92,Dentate_orLateral_Nucleus_of_Cerebellum,Den_R,1092,5870,0.465692377,6.1129088,4.5325179,5.0852342,92,0,0,92,92,540040,91,,,,,,,,,
93,Interposed_Nucleus_of_Cerebellum,Int_L,93,4876,0.386834076,5.7806659,4.2821064,5.2649183,93,0,0,93,93,453468,92,,,,,,,,,
93,Interposed_Nucleus_of_Cerebellum,Int_R,1093,4876,0.386834076,5.7806659,4.2821064,5.2649183,93,0,0,93,93,453468,92,,,,,,,,,
94,Fastigial_Medial_Dorsolateral_Nucleus_of_Cerebellum,FasDl_L,94,1227,0.097343194,6.0644636,4.4244604,5.5357585,94,0,0,94,94,115338,93,,,,,,,,,
94,Fastigial_Medial_Dorsolateral_Nucleus_of_Cerebellum,FasDl_R,1094,1227,0.097343194,6.0644636,4.4244604,5.5357585,94,0,0,94,94,115338,93,,,,,,,,,
95,Fastigial_Medial_Nucleus_of_Cerebellum,FasMed_L,95,12305,0.976208636,6.1527004,4.1559935,5.4161997,95,0,0,95,95,1168975,94,,,,,,,,,
95,Fastigial_Medial_Nucleus_of_Cerebellum,FasMed_R,1095,12305,0.976208636,6.1527004,4.1559935,5.4161997,95,0,0,95,95,1168975,94,,,,,,,,,
96,Ventral_Lateral_Lemniscus_Nucleus,VII_L,96,2703,0.214440629,6.1734538,6.675734,3.5423255,96,0,0,96,96,259488,95,,,,,,,,,
96,Ventral_Lateral_Lemniscus_Nucleus,VII_R,1096,2703,0.214440629,6.1734538,6.675734,3.5423255,96,0,0,96,96,259488,95,,,,,,,,,
97,ParabrachialNucleus,ParB_L,97,6020,0.477592523,6.211462,5.5922956,5.2045898,97,0,0,97,97,583940,96,,,,,,,,,
97,ParabrachialNucleus,ParB_R,1097,6020,0.477592523,6.211462,5.5922956,5.2045898,97,0,0,97,97,583940,96,,,,,,,,,
98,Parabrachial_Medial_Nucleus_and_Koelliker_Fuse_Nucleus,KF_L,98,6800,0.539473281,6.2229023,5.5442071,4.6785674,98,1.81E-06,3.29E-12,98,98,666400,97,,,,,,,,,
98,Parabrachial_Medial_Nucleus_and_Koelliker_Fuse_Nucleus,KF_R,1098,6800,0.539473281,6.2229023,5.5442071,4.6785674,98,1.81E-06,3.29E-12,98,98,666400,97,,,,,,,,,
99,Parvicellular_Reticular_Nucleus_and_Principal_Sensory_Trigeminal_Nucleus,PCRt_L,99,55311,4.388059803,6.0787225,4.6141543,3.5369334,99,0,0,99,99,5475789,98,,,,,,,,,
99,Parvicellular_Reticular_Nucleus_and_Principal_Sensory_Trigeminal_Nucleus,PCRt_R,1099,55311,4.388059803,6.0787225,4.6141543,3.5369334,99,0,0,99,99,5475789,98,,,,,,,,,
100,Central_Gray,CG_L,100,23327,1.850631358,6.1523175,4.4757338,4.3693633,100,0,0,100,100,2332700,99,,,,,,,,,
100,Central_Gray,CG_R,1100,23327,1.850631358,6.1523175,4.4757338,4.3693633,100,0,0,100,100,2332700,99,,,,,,,,,
101,Pedunculotegmental__Medial_Paralemniscial__and_Supratrigemnial_Nuclei,Su5_L,101,2417,0.191751018,5.9064379,5.9724917,4.5653753,101,0,0,101,101,244117,100,,,,,,,,,
101,Pedunculotegmental__Medial_Paralemniscial__and_Supratrigemnial_Nuclei,Su5_R,1101,2417,0.191751018,5.9064379,5.9724917,4.5653753,101,0,0,101,101,244117,100,,,,,,,,,
102,Motor_Root_of_Trigeminal_Nerve,m5_L,102,1373,0.108926002,6.2344031,6.105989,3.6301267,102,0,0,102,102,140046,101,,,,,,,,,
102,Motor_Root_of_Trigeminal_Nerve,m5_R,1102,1373,0.108926002,6.2344031,6.105989,3.6301267,102,0,0,102,102,140046,101,,,,,,,,,
103,Trigeminal_Motor_Nucleus,5N_L,103,3760,0.298296991,6.3772368,5.792635,4.0064387,103,0,0,103,103,387280,102,,,,,,,,,
103,Trigeminal_Motor_Nucleus,5N_R,1103,3760,0.298296991,6.3772368,5.792635,4.0064387,103,0,0,103,103,387280,102,,,,,,,,,
104,Pontine_Reticular_Nucleus,PnC_,104,71118,5.642097179,6.143508,6.2399187,3.7564175,104,0,0,104,104,7396272,103,,,,,,,,,
104,Pontine_Reticular_Nucleus,PnC_R,1104,71118,5.642097179,6.143508,6.2399187,3.7564175,104,0,0,104,104,7396272,103,,,,,,,,,
105,Raphe_Nucleus,RaphN_L,105,9552,0.757801292,6.1327853,6.5225286,4.1012378,105,0,0,105,105,1002960,104,,,,,,,,,
105,Raphe_Nucleus,RaphN_R,1105,9552,0.757801292,6.1327853,6.5225286,4.1012378,105,0,0,105,105,1002960,104,,,,,,,,,
106,Trigeminal_Sensory_Nucleus,Pr5_L,106,7851,0.622853637,5.9760766,5.8762126,3.948837,106,0,0,106,106,832206,105,,,,,,,,,
106,Trigeminal_Sensory_Nucleus,Pr5_R,1106,7851,0.622853637,5.9760766,5.8762126,3.948837,106,0,0,106,106,832206,105,,,,,,,,,
107,Dorsal_Tegmental_Nucleus,Dteg_L,107,20189,1.601680305,6.1528072,5.3976545,4.6842909,107,0,0,107,107,2160223,106,,,,,,,,,
107,Dorsal_Tegmental_Nucleus,Dteg_R,1107,20189,1.601680305,6.1528072,5.3976545,4.6842909,107,0,0,107,107,2160223,106,,,,,,,,,
108,Tegmental_Nucleus,Tg_L,108,518,0.041095171,6.262013,5.002635,5.0059457,108,0,0,108,108,55944,107,,,,,,,,,
108,Tegmental_Nucleus,Tg_R,1108,518,0.041095171,6.262013,5.002635,5.0059457,108,0,0,108,108,55944,107,,,,,,,,,
109,CochealrNucleus,CoN_L,109,10396,0.824759446,6.4614182,5.1787915,3.7805626,109,2.07E-06,4.30E-12,109,109,1133164,108,,,,,,,,,
109,CochealrNucleus,CoN_R,1109,10396,0.824759446,6.4614182,5.1787915,3.7805626,109,2.07E-06,4.30E-12,109,109,1133164,108,,,,,,,,,
110,Pontine_Nucleus,Pn_L,110,14946,1.185730538,6.1432109,7.0409942,2.9369476,110,0,0,110,110,1644060,109,,,,,,,,,
110,Pontine_Nucleus,Pn_R,1110,14946,1.185730538,6.1432109,7.0409942,2.9369476,110,0,0,110,110,1644060,109,,,,,,,,,
111,Reticulotegmental_Nucleus_of_Pons,RTg_L,111,6523,0.517497679,6.1034288,6.5309744,3.254607,111,0,0,111,111,724053,110,,,,,,,,,
111,Reticulotegmental_Nucleus_of_Pons,Rtg_R,1111,6523,0.517497679,6.1034288,6.5309744,3.254607,111,0,0,111,111,724053,110,,,,,,,,,
112,Olivary_Complex,Ma,112,21819,1.730995224,6.1363864,5.3040557,2.6727688,112,0,0,112,112,2443728,111,,,,,,,,,
112,Olivary_Complex,Ma,1112,21819,1.730995224,6.1363864,5.3040557,2.6727688,112,0,0,112,112,2443728,111,,,,,,,,,
113,Pontine_Reticular_Nucleus_and_Intermediate_Reticular_Nucleus,PnRt_L,113,32678,2.592486454,6.1195397,5.4003601,3.3446078,113,0,0,113,113,3692614,112,,,,,,,,,
113,Pontine_Reticular_Nucleus_and_Intermediate_Reticular_Nucleus,PnRt_R,1113,32678,2.592486454,6.1195397,5.4003601,3.3446078,113,0,0,113,113,3692614,112,,,,,,,,,
114,Spinal_Trigeminal_Nucleus,Sp5_L,114,40644,3.224463536,6.0773578,2.5639515,3.6404276,114,0,0,114,114,4633416,113,,,,,,,,,
114,Spinal_Trigeminal_Nucleus,Sp5_R,1114,40644,3.224463536,6.0773578,2.5639515,3.6404276,114,0,0,114,114,4633416,113,,,,,,,,,
115,Vestibular_Nuclei,Ve_L,115,28923,2.294586134,6.1564994,4.5820007,4.5354295,115,2.03E-06,4.12E-12,115,115,3326145,114,,,,,,,,,
115,Vestibular_Nuclei,Ve_R,1115,28923,2.294586134,6.1564994,4.5820007,4.5354295,115,2.03E-06,4.12E-12,115,115,3326145,114,,,,,,,,,
116,Gigantocellular_Reticular_Nucleus,Gi_L,116,115409,9.155892929,6.1899314,3.6421676,3.2173662,116,2.03E-06,4.13E-12,116,116,13387444,115,,,,,,,,,
116,Gigantocellular_Reticular_Nucleus,Gi_R,1116,115409,9.155892929,6.1899314,3.6421676,3.2173662,116,2.03E-06,4.13E-12,116,116,13387444,115,,,,,,,,,
117,Cuneate_Nucleus,Cu_L,117,8081,0.641100527,6.4132724,3.265106,4.4068232,117,0,0,117,117,945477,116,,,,,,,,,
117,Cuneate_Nucleus,Cu_R,1117,8081,0.641100527,6.4132724,3.265106,4.4068232,117,0,0,117,117,945477,116,,,,,,,,,
118,Anterior_Commisure,ac_L,118,13316,1.05641562,6.1300001,11.927811,4.286478,118,0,0,118,118,1571288,117,,,,,,,,,
118,Anterior_Commisure,ac_R,1118,13316,1.05641562,6.1300001,11.927811,4.286478,118,0,0,118,118,1571288,117,,,,,,,,,
119,Optic_Tracts,ot_L,119,18806,1.49196096,6.1320004,9.7736368,3.1244719,119,0,0,119,119,2237914,118,,,,,,,,,
119,Optic_Tracts,ot_R,1119,18806,1.49196096,6.1320004,9.7736368,3.1244719,119,0,0,119,119,2237914,118,,,,,,,,,
120,Fimbria,fi_L,120,26839,2.12925344,6.1513448,9.7038488,6.0135465,120,0,0,120,120,3220680,119,,,,,,,,,
120,Fimbria,fi_R,1120,26839,2.12925344,6.1513448,9.7038488,6.0135465,120,0,0,120,120,3220680,119,,,,,,,,,
121,Corpus_Callosum,cc_L,121,187626,14.88517851,6.2582417,9.0758762,6.4039493,121,0,0,121,121,22702746,120,,,,,,,,,
121,Corpus_Callosum,cc_R,1121,187626,14.88517851,6.2582417,9.0758762,6.4039493,121,0,0,121,121,22702746,120,,,,,,,,,
122,Fornix,fx_L,122,6229,0.494173393,6.0973492,10.138033,4.3792286,122,0,0,122,122,759938,121,,,,,,,,,
122,Fornix,fx_R,1122,6229,0.494173393,6.0973492,10.138033,4.3792286,122,0,0,122,122,759938,121,,,,,,,,,
123,Stria_Terminalis,st_L,123,9756,0.77398549,6.1250639,9.4768105,5.3351626,123,2.47E-06,6.11E-12,123,123,1199988,122,,,,,,,,,
123,Stria_Terminalis,st_R,112,9756,0.77398549,6.1250639,9.4768105,5.3351626,123,2.47E-06,6.11E-12,123,123,1199988,122,,,,,,,,,
124,Cingulum,cg_L,124,14708,1.166848974,6.1694822,8.9815054,7.4045949,124,0,0,124,124,1823792,123,,,,,,,,,
124,Cingulum,cg_R,1124,14708,1.166848974,6.1694822,8.9815054,7.4045949,124,0,0,124,124,1823792,123,,,,,,,,,
125,lateral_olfactory_tract,lo_L,125,16295,1.292752517,6.1713738,13.195815,4.2337289,125,0,0,125,125,2036875,124,,,,,,,,,
125,lateral_olfactory_tract,lo_R,1125,16295,1.292752517,6.1713738,13.195815,4.2337289,125,0,0,125,125,2036875,124,,,,,,,,,
126,Ventral_Hippocampal_Commissure,vhc_L,126,1355,0.107497985,6.1121445,10.353114,6.2105904,126,0,0,126,126,170730,125,,,,,,,,,
126,Ventral_Hippocampal_Commissure,vhc_R,1126,1355,0.107497985,6.1121445,10.353114,6.2105904,126,0,0,126,126,170730,125,,,,,,,,,
127,Internal_Capsule,ic_L,127,34455,2.733463515,5.9522638,9.4493866,4.5883265,127,0,0,127,127,4375785,126,,,,,,,,,
127,Internal_Capsule,ic_R,1127,34455,2.733463515,5.9522638,9.4493866,4.5883265,127,0,0,127,127,4375785,126,,,,,,,,,
128,Fasciculus_Retroflexus,fr_L,128,1729,0.137169015,6.1046662,8.5139694,5.2102566,128,2.08E-06,4.31E-12,128,128,221312,127,,,,,,,,,
128,Fasciculus_Retroflexus,fr_R,1128,1729,0.137169015,6.1046662,8.5139694,5.2102566,128,2.08E-06,4.31E-12,128,128,221312,127,,,,,,,,,
129,Stria_Medularis,sm_L,129,4444,0.352561656,6.0677047,9.9588127,5.4161744,129,0,0,129,129,573276,128,,,,,,,,,
129,Stria_Medularis,sm_R,1129,4444,0.352561656,6.0677047,9.9588127,5.4161744,129,0,0,129,129,573276,128,,,,,,,,,
130,Mamillothalamic_Tract,mt_L,130,1337,0.106069967,6.0766134,9.0308819,3.9331379,130,0,0,130,130,173810,129,,,,,,,,,
130,Mamillothalamic_Tract,mt_R,1130,1337,0.106069967,6.0766134,9.0308819,3.9331379,130,0,0,130,130,173810,129,,,,,,,,,
131,Posterior_Commissure,pc_L,131,1074,0.085205045,6.0965433,7.8962655,5.930212,131,0,0,131,131,140694,130,,,,,,,,,
131,Posterior_Commissure,pc_R,1131,1074,0.085205045,6.0965433,7.8962655,5.930212,131,0,0,131,131,140694,130,,,,,,,,,
132,Brachium_of_Superior_Colliculus,bsc_L,132,3687,0.292505587,6.1727567,7.8612361,6.0418396,132,0,0,132,132,486684,131,,,,,,,,,
132,Brachium_of_Superior_Colliculus,bsc_R,1132,3687,0.292505587,6.1727567,7.8612361,6.0418396,132,0,0,132,132,486684,131,,,,,,,,,
133,Cerebral_Peduncle,cp_L,133,20982,1.66459241,6.2006965,8.0596485,3.7639215,133,0,0,133,133,2790606,132,,,,,,,,,
133,Cerebral_Peduncle,cp_R,1133,20982,1.66459241,6.2006965,8.0596485,3.7639215,133,0,0,133,133,2790606,132,,,,,,,,,
134,Lateral_Lemniscus,ll_L,134,8824,0.700045917,6.0862117,6.1618609,4.901835,134,0,0,134,134,1182416,133,,,,,,,,,
134,Lateral_Lemniscus,ll_R,1134,8824,0.700045917,6.0862117,6.1618609,4.901835,134,0,0,134,134,1182416,133,,,,,,,,,
135,Spinal_Trigeminal_Nerve,sp5_L,135,32924,2.612002693,6.3044877,4.7454262,3.474956,135,0,0,135,135,4444740,134,,,,,,,,,
135,Spinal_Trigeminal_Nerve,sp5_R,1135,32924,2.612002693,6.3044877,4.7454262,3.474956,135,0,0,135,135,4444740,134,,,,,,,,,
136,Pyramidal_Tract,py_L,136,10717,0.850225758,6.1881599,5.1125269,2.3754275,136,0,0,136,136,1457512,135,,,,,,,,,
136,Pyramidal_Tract,py_R,1136,10717,0.850225758,6.1881599,5.1125269,2.3754275,136,0,0,136,136,1457512,135,,,,,,,,,
137,Vestibulocochlear_Nerve,n8_L,137,2552,0.202461149,6.1026793,5.0896869,4.0852332,137,0,0,137,137,349624,136,,,,,,,,,
137,Vestibulocochlear_Nerve,n8_R,1137,2552,0.202461149,6.1026793,5.0896869,4.0852332,137,0,0,137,137,349624,136,,,,,,,,,
138,Facial_Nerve,n7_L,138,1710,0.135661663,6.2071471,5.3494959,3.6565931,138,0,0,138,138,235980,137,,,,,,,,,
138,Facial_Nerve,n7_R,1138,1710,0.135661663,6.2071471,5.3494959,3.6565931,138,0,0,138,138,235980,137,,,,,,,,,
139,Longitudinal_Fasciculus_of_Pons,lfp_L,139,1678,0.133122966,6.0983839,6.702858,2.9206736,139,0,0,139,139,233242,138,,,,,,,,,
139,Longitudinal_Fasciculus_of_Pons,lfp_R,1139,1678,0.133122966,6.0983839,6.702858,2.9206736,139,0,0,139,139,233242,138,,,,,,,,,
140,Medial_Longitudinal_Fasciculus_and_Tectospinal_Tract,mlf_ts_R,140,30965,2.456586787,6.1518149,3.943491,3.3377314,140,0,0,140,140,4335100,139,,,,,,,,,
140,Medial_Longitudinal_Fasciculus_and_Tectospinal_Tract,mlf_ts_R,1140,30965,2.456586787,6.1518149,3.943491,3.3377314,140,0,0,140,140,4335100,139,,,,,,,,,
141,Spinocerebellar_Tract,sc_L,141,8641,0.685527739,5.9681425,2.5687075,2.6608322,141,0,0,141,141,1218381,140,,,,,,,,,
141,Spinocerebellar_Tract,sc_R,1141,8641,0.685527739,5.9681425,2.5687075,2.6608322,141,0,0,141,141,1218381,140,,,,,,,,,
142,Medial_Lemniscus,ml_L,142,4728,0.375092599,6.0893517,8.4142962,4.4152784,142,0,0,142,142,671376,141,,,,,,,,,
142,Medial_Lemniscus,ml_R,1142,4728,0.375092599,6.0893517,8.4142962,4.4152784,142,0,0,142,142,671376,141,,,,,,,,,
143,Ventral_Spinocerebellar_Tract,vsc_L,143,11361,0.901317051,6.1521745,6.0149045,4.2359328,143,0,0,143,143,1624623,142,,,,,,,,,
143,Ventral_Spinocerebellar_Tract,vsc_R,1143,11361,0.901317051,6.1521745,6.0149045,4.2359328,143,0,0,143,143,1624623,142,,,,,,,,,
144,Middle_Cerebellar_Peduncle,mcp_L,144,15481,1.228174392,6.0083666,6.3731475,3.8121283,144,0,0,144,144,2229264,143,,,,,,,,,
144,Middle_Cerebellar_Peduncle,mcp_R,1144,15481,1.228174392,6.0083666,6.3731475,3.8121283,144,0,0,144,144,2229264,143,,,,,,,,,
145,Superior_Cerebellar_Peduncle_dtgx_vtgx,scp_L,145,9329,0.740109741,6.1304178,5.5872302,4.9977818,145,0,0,145,145,1352705,144,,,,,,,,,
145,Superior_Cerebellar_Peduncle_dtgx_vtgx,scp_R,1145,9329,0.740109741,6.1304178,5.5872302,4.9977818,145,0,0,145,145,1352705,144,,,,,,,,,
146,Inferior_Cerebellar_Peduncle,icp_oc_tz_L,146,10291,0.816429344,6.2624331,4.5080209,4.0490866,146,0,0,146,146,1502486,145,,,,,,,,,
146,Inferior_Cerebellar_Peduncle,icp_oc_tz_R,1146,10291,0.816429344,6.2624331,4.5080209,4.0490866,146,0,0,146,146,1502486,145,,,,,,,,,
147,Cerebellar_White_Matter,cbw_L,147,127167,10.0887057,6.1728792,4.1746373,5.6477485,147,0,0,147,147,18693548,146,,,,,,,,,
147,Cerebellar_White_Matter,cbw_R,1147,127167,10.0887057,6.1728792,4.1746373,5.6477485,147,0,0,147,147,18693548,146,,,,,,,,,
148,LateralVentricles,LV_L,148,34985,2.775510698,5.9614325,9.7158766,5.6677608,148,0,0,148,148,5177780,147,,,,,,,,,
148,LateralVentricles,LV_R,1148,34985,2.775510698,5.9614325,9.7158766,5.6677608,148,0,0,148,148,5177780,147,,,,,,,,,
149,Cingulate_Cortex_Area_25,A25_L,149,5369,0.425945889,6.0888677,12.333932,5.4200444,149,0,0,149,149,799981,148,,,,,,,,,
149,Cingulate_Cortex_Area_25,A25_R,1149,5369,0.425945889,6.0888677,12.333932,5.4200444,149,0,0,149,149,799981,148,,,,,,,,,
150,Dorsal_Acoustic_Stria,das_L,150,681,0.054026662,5.9093285,4.4387259,4.72543,150,0,0,150,150,102150,149,,,,,,,,,
150,Dorsal_Acoustic_Stria,das_R,1150,681,0.054026662,5.9093285,4.4387259,4.72543,150,0,0,150,150,102150,149,,,,,,,,,
151,PostSubiculum,Post_L,151,9713,0.770574115,6.0466003,6.5375509,6.8299971,151,0,0,151,151,1466663,150,,,,,,,,,
151,PostSubiculum,Post_R,1151,9713,0.770574115,6.0466003,6.5375509,6.8299971,151,0,0,151,151,1466663,150,,,,,,,,,
152,Fourth_Ventricle,4V_L,152,13190,1.046419497,6.3196378,4.3449841,4.7425971,152,0,0,152,152,2004880,151,,,,,,,,,
152,Fourth_Ventricle,4V_R,1152,13190,1.046419497,6.3196378,4.3449841,4.7425971,152,0,0,152,152,2004880,151,,,,,,,,,
153,Microcellular_Tegmental_Nucleus,MiTg_L,153,11996,0.951694336,6.2063847,6.637476,5.4048319,153,0,0,153,153,1835388,152,,,,,,,,,
153,Microcellular_Tegmental_Nucleus,MiTg_R,1153,11996,0.951694336,6.2063847,6.637476,5.4048319,153,0,0,153,153,1835388,152,,,,,,,,,
154,Pretectal_Nucleus,APT_L,154,1600,0.12693489,6.0382323,8.1821814,6.3016672,154,0,0,154,154,246400,153,,,,,,,,,
154,Pretectal_Nucleus,APT_R,1154,1600,0.12693489,6.0382323,8.1821814,6.3016672,154,0,0,154,154,246400,153,,,,,,,,,
155,LDVL_laterodorsal_ThalamicNucleus_VentroLateral,LDVL_L,155,2892,0.229434813,6.1147041,9.1320982,6.0882101,155,0,0,155,155,448260,154,,,,,,,,,
155,LDVL_laterodorsal_ThalamicNucleus_VentroLateral,LDVL_R,1155,2892,0.229434813,6.1147041,9.1320982,6.0882101,155,0,0,155,155,448260,154,,,,,,,,,
156,LaterposteriorNucleusofThalamus,LP_L,156,3600,0.285603502,6.137392,8.6340046,6.1285181,156,0,0,156,156,561600,155,,,,,,,,,
156,LaterposteriorNucleusofThalamus,LP_R,1156,3600,0.285603502,6.137392,8.6340046,6.1285181,156,0,0,156,156,561600,155,,,,,,,,,
157,AnteriorThalamicNuclei,Athal_L,157,12736,1.010401722,6.088501,10.048944,5.2672215,157,0,0,157,157,1999552,156,,,,,,,,,
157,AnteriorThalamicNuclei,Athal_R,1157,12736,1.010401722,6.088501,10.048944,5.2672215,157,0,0,157,157,1999552,156,,,,,,,,,
158,RedNucleus_magnocellular,RMC_L,158,2105,0.166998714,6.1058307,7.0593014,4.4401345,158,0,0,158,158,332590,157,,,,,,,,,
158,RedNucleus_magnocellular,RMC_R,1158,2105,0.166998714,6.1058307,7.0593014,4.4401345,158,0,0,158,158,332590,157,,,,,,,,,
159,PararubralNucleus,PaR_L,159,429,0.034034417,5.9603581,7.2202682,4.3962374,159,0,0,159,159,68211,158,,,,,,,,,
159,PararubralNucleus,PaR_R,1159,429,0.034034417,5.9603581,7.2202682,4.3962374,159,0,0,159,159,68211,158,,,,,,,,,
160,RetroRubralField_partmidbrainreitcular,RR_L,160,6281,0.498298776,6.2628498,7.2281928,4.6417022,160,0,0,160,160,1004960,159,,,,,,,,,
160,RetroRubralField_partmidbrainreicular,RR_R,1160,6281,0.498298776,6.2628498,7.2281928,4.6417022,160,0,0,160,160,1004960,159,,,,,,,,,
161,CSF,CSF_L,161,6869,0.544947348,6.1106362,8.14746,6.8132448,161,0,0,161,161,1105909,160,,,,,,,,,
161,CSF,CSF_R,1161,6869,0.544947348,6.1106362,8.14746,6.8132448,161,0,0,161,161,1105909,160,,,,,,,,,
162,IntermediateReticularNucleus,IRN_L,162,23615,1.873479638,6.2231712,4.2595944,3.6142704,162,0,0,162,162,3825630,0.936739819,,,,,,,,,
162,IntermediateReticularNucleus,IRN_R,1162,23615,1.873479638,6.2231712,4.2595944,3.6142704,162,0,0,162,162,3825630,0.936739819,,,,,,,,,
163,PosteriorDorsal_ParaventricularMedialParvicellular_Posterior_LateralHypothalamus,PHD_PaMP_Post_and_LatHy_L,163,14468,1.14780874,6.1673627,8.1094255,3.9636176,162,0,0,163,163,2358284,162,,,,,,,,,
163,PosteriorDorsal_ParaventricularMedialParvicellular_Posterior_LateralHypothalamus,PHD_PaMP_Post_and_LatHy_R,1163,14468,1.14780874,6.1673627,8.1094255,3.9636176,162,0,0,163,163,2358284,162,,,,,,,,,
164,Prerubral_Forel,PR_p3Tg_L,164,2210,0.175328816,6.1895251,8.2363501,4.4698615,163,0,0,164,164,362440,163,,,,,,,,,
164,Prerubral_Forel,PR_p3Tg_R,1164,2210,0.175328816,6.1895251,8.2363501,4.4698615,163,0,0,164,164,362440,163,,,,,,,,,
165,PVG_ofHypothalamus,PVG_L,165,1327,0.105276624,6.1136947,8.0097227,4.2300129,164,0,0,165,165,218955,164,,,,,,,,,
165,PVG_ofHypothalamus,PVG_R,1165,1327,0.105276624,6.1136947,8.0097227,4.2300129,164,0,0,165,165,218955,164,,,,,,,,,
166,BasalateralAmygdala_BLA,BLA_L,166,25806,2.047301102,6.5815735,8.8538599,3.4798503,166,0,0,166,166,4283796,165,,,,,,,,,
166,BasalateralAmygdala_BLA,BLA_R,1166,25806,2.047301102,6.5815735,8.8538599,3.4798503,166,0,0,166,166,4283796,165,,,,,,,,,