3123.19414,3115.071139,3115.504139,3113.032139,3092.469138,3105.476139,3096.386138,3127.08814,3075.299137,3092.526138,3128.19514,3150.434141,3092.410138,3104.424139,3103.334139,3105.313139,3107.219139,3128.47214,3110.185139,3085.050138,3118.917139,3122.26514,3106.791139,3132.67114
0.88900004,0.94200004,0.91800004,0.92300004,0.91300004,0.85000004,0.91300004,0.95900004,1.00100004,0.80400004,0.82900004,0.94500004,0.85100004,0.87600004,0.90100004,0.91200004,0.89500004,0.81700004,0.90200004,0.95100004,0.78300004,0.86100004,0.84500004,0.86500004
0.37700002,0.46000002,0.38600002,0.40300002,0.35900002,0.37600002,0.36700002,0.39500002,0.44800002,0.34600002,0.35300002,0.47600002,0.37900002,0.39000002,0.37200002,0.38400002,0.35200002,0.37600002,0.41700002,0.38600002,0.34200002,0.36000002,0.35600002,0.37600002
0.85800004,0.91900004,0.75800003,0.79700004,0.81900004,0.73000003,0.78700004,0.83900004,0.87300004,0.81800004,0.81300004,0.69700003,0.77600003,0.73200003,0.81700004,0.80700004,0.73300003,0.76500003,0.86900004,0.81400004,0.74000003,0.75300003,0.81600004,0.73700003
0.22200001,0.24400001,0.22000001,0.20300001,0.20800001,0.19100001,0.19900001,0.20400001,0.24000001,0.22600001,0.20800001,0.22700001,0.23100001,0.22800001,0.21300001,0.22100001,0.21500001,0.20400001,0.24200001,0.21200001,0.20800001,0.18700001,0.23300001,0.20100001
0.22000001,0.24600001,0.25200001,0.25300001,0.24000001,0.24100001,0.23700001,0.27600001,0.30400001,0.27600001,0.23800001,0.29400001,0.28400001,0.26000001,0.27500001,0.26800001,0.23000001,0.24300001,0.23800001,0.22500001,0.20500001,0.23800001,0.26600001,0.21600001
0.15400001,0.16800001,0.15900001,0.17600001,0.17400001,0.17600001,0.17500001,0.16600001,0.17300001,0.15900001,0.16000001,0.17500001,0.16400001,0.15400001,0.17400001,0.16800001,0.16300001,0.17000001,0.15500001,0.19600001,0.14200001,0.16200001,0.17100001,0.15900001
0.61000003,0.77400003,0.59800003,0.62800003,0.60200003,0.62100003,0.61600003,0.68800003,0.66800003,0.61500003,0.58200003,0.64000003,0.64900003,0.61700003,0.59900003,0.62600003,0.62400003,0.67200003,0.68500003,0.62900003,0.53200002,0.58500003,0.62000003,0.59600003
1.40000006,1.38200006,1.32700006,1.38500006,1.38000006,1.35300006,1.38600006,1.33100006,1.47900007,1.49700007,1.27400006,1.31400006,1.43900006,1.44000006,1.52000007,1.49700007,1.29100006,1.28600006,1.47700007,1.40200006,1.18700005,1.26200006,1.33800006,1.22900005
1.12500005,1.12400005,1.07600005,1.06200005,0.99400004,0.96900004,1.03600005,1.11200005,1.21700005,1.07500005,1.02900005,1.05600005,1.00700005,0.94300004,1.08900005,1.05300005,1.06600005,0.90400004,1.07600005,1.00400004,0.97600004,1.04700005,1.04800005,1.02600005
0.82700004,0.85500004,0.82200004,0.81700004,0.79900004,0.83400004,0.82200004,0.79000004,0.91800004,0.90000004,0.80100004,0.83300004,0.86500004,0.86800004,0.90400004,0.89500004,0.83800004,0.81700004,0.85300004,0.82500004,0.75300003,0.81900004,0.82400004,0.69700003
0.93400004,0.99500004,0.88700004,0.92600004,0.92700004,0.95900004,0.97100004,0.88300004,0.98600004,1.01500005,0.89800004,0.79700004,1.04600005,0.98300004,1.03900005,1.04000005,0.95700004,0.94000004,0.97200004,0.93400004,0.88300004,0.90300004,0.92300004,0.82000004
0.96100004,0.98000004,0.98200004,0.95800004,1.01500005,0.98300004,0.95100004,0.95600004,1.04900005,1.04100005,0.93300004,0.87300004,1.04300005,0.97500004,1.02500005,1.00800005,0.91000004,0.95900004,0.96300004,0.97300004,0.90900004,0.94600004,0.95200004,0.79700004
0.41500002,0.44800002,0.38900002,0.42300002,0.42100002,0.43800002,0.44200002,0.41000002,0.45600002,0.42600002,0.41200002,0.36000002,0.41700002,0.39800002,0.47500002,0.41700002,0.42300002,0.43600002,0.43800002,0.41500002,0.41300002,0.37700002,0.39200002,0.36000002
0.44100002,0.50600002,0.46400002,0.43100002,0.48000002,0.45600002,0.45500002,0.48200002,0.52100002,0.46500002,0.45600002,0.43600002,0.46200002,0.44500002,0.47400002,0.44900002,0.42100002,0.40800002,0.51500002,0.47400002,0.40300002,0.40500002,0.43800002,0.43500002
3.90800017,4.21900019,3.99100018,3.97500018,4.21800019,3.99300018,4.23100019,4.07200018,4.4070002,4.22600019,4.00500018,3.51600016,4.11900018,3.91500018,4.3630002,4.20800019,4.14300019,3.87700017,4.29100019,3.97500018,3.69400017,3.69800017,3.83500017,3.76600017
3.53400016,3.95600018,3.64700016,3.42800015,3.77800017,3.76600017,3.48300016,3.74800017,4.27100019,4.16200019,3.64600016,3.61000016,4.20000019,3.89100017,4.07200018,3.89200017,3.55300016,3.48600016,3.72800017,4.08300018,3.63400016,3.56100016,3.51800016,3.27600015
1.49300007,1.71700008,1.56300007,1.62200007,1.58300007,1.61700007,1.63100007,1.49200007,1.92400009,1.70100008,1.50100007,1.54700007,1.72700008,1.69100008,1.60600007,1.60900007,1.63100007,1.65500007,1.72200008,1.55700007,1.52600007,1.58300007,1.60700007,1.54100007
0.087,0.092,0.094,0.084,0.081,0.079,0.093,0.077,0.104,0.072,0.088,0.076,0.08,0.099,0.102,0.092,0.098,0.07,0.093,0.077,0.077,0.084,0.089,0.075
3.31300015,3.18300014,3.21800014,3.43300015,3.37700015,3.34700015,3.29500015,3.19300014,3.35700015,3.20100014,3.15900014,2.67400012,3.03100014,3.08700014,3.38500015,3.37400015,3.02700014,2.93500013,3.36300015,3.17700014,2.92000013,3.09800014,3.21200014,2.96300013
3.22600014,3.13800014,2.96500013,3.20700014,3.09100014,3.16100014,3.13800014,3.13900014,3.32600015,3.33800015,2.94800013,2.78500012,2.97600013,2.95600013,3.20400014,3.14000014,2.85800013,2.72900012,3.09000014,3.00900013,2.91300013,2.93200013,3.01100013,2.69500012
0.68500003,0.75800003,0.61300003,0.66100003,0.61600003,0.57700003,0.62700003,0.63100003,0.74100003,0.72800003,0.54400002,0.67600003,0.67100003,0.60600003,0.67000003,0.64400003,0.60800003,0.52400002,0.71900003,0.55400002,0.55100002,0.59600003,0.60200003,0.61600003
0.16400001,0.19600001,0.15600001,0.17500001,0.15900001,0.14700001,0.17700001,0.16600001,0.18100001,0.17000001,0.16000001,0.13800001,0.16600001,0.18800001,0.20000001,0.18900001,0.17600001,0.14100001,0.19300001,0.16700001,0.15600001,0.16300001,0.16900001,0.15800001
0.045,0.038,0.039,0.032,0.044,0.029,0.042,0.028,0.042,0.026,0.036,0.023,0.038,0.047,0.06,0.035,0.046,0.035,0.042,0.023,0.034,0.023,0.045,0.023
0.40900002,0.43300002,0.40600002,0.37300002,0.37700002,0.40700002,0.41700002,0.39800002,0.41200002,0.43100002,0.37000002,0.32900001,0.45000002,0.42300002,0.41900002,0.43300002,0.39300002,0.38000002,0.42200002,0.39700002,0.36300002,0.39800002,0.37000002,0.36700002
4.28500019,4.4720002,3.93600018,4.07600018,4.25400019,4.3880002,4.36000019,4.16400019,4.87000022,4.67800021,4.15500019,3.72100017,4.30000019,4.26600019,4.35600019,4.24300019,4.14200019,3.86300017,4.34000019,4.34200019,3.92700018,4.02800018,3.99900018,3.82500017
0.64500003,0.70100003,0.62600003,0.63200003,0.64000003,0.65900003,0.66400003,0.64600003,0.72300003,0.67500003,0.61000003,0.50300002,0.63600003,0.63500003,0.70000003,0.64300003,0.62400003,0.58600003,0.65800003,0.62900003,0.57400003,0.57500003,0.60100003,0.58400003
1.55000007,1.52900007,1.55500007,1.54100007,1.59700007,1.62800007,1.60300007,1.56500007,1.66600007,1.63100007,1.48700007,1.28300006,1.48400007,1.50200007,1.59900007,1.50800007,1.43500006,1.43300006,1.51800007,1.53600007,1.37300006,1.44100006,1.47800007,1.43400006
1.29700006,1.21000005,1.27200006,1.30500006,1.30400006,1.32400006,1.27000006,1.22800005,1.33500006,1.30800006,1.32300006,1.00800005,1.18400005,1.20500005,1.35100006,1.30400006,1.20700005,1.10500005,1.23400006,1.28900006,1.19900005,1.24200006,1.28300006,1.19600005
1.51100007,1.57100007,1.43100006,1.40100006,1.54400007,1.40100006,1.36100006,1.49900007,1.63900007,1.51300007,1.32400006,1.26400006,1.50900007,1.44600006,1.48800007,1.38700006,1.32800006,1.26600006,1.62400007,1.45100006,1.28200006,1.29800006,1.28200006,1.31500006
0.061,0.057,0.057,0.073,0.061,0.069,0.063,0.068,0.074,0.071,0.06,0.043,0.065,0.056,0.072,0.068,0.055,0.053,0.064,0.066,0.053,0.066,0.056,0.047
0.23600001,0.23100001,0.23400001,0.26700001,0.22600001,0.24300001,0.25000001,0.23300001,0.26100001,0.24500001,0.23700001,0.20500001,0.23900001,0.24000001,0.27700001,0.26500001,0.24100001,0.21400001,0.24100001,0.24900001,0.21600001,0.23700001,0.23200001,0.21600001
2.09700009,2.10600009,1.92100009,1.91500009,2.00600009,2.00900009,1.90300009,2.1930001,2.42000011,2.1470001,1.86100008,1.82500008,2.07600009,2.12000009,2.1680001,2.08700009,1.95600009,1.82300008,2.08800009,2.08600009,1.78500008,1.84800008,1.80900008,1.88000008
2.96900013,3.33600015,2.86700013,2.90500013,2.94400013,3.08400014,2.70400012,3.10900014,3.46000015,3.29000015,2.82300013,2.78100012,3.28000015,3.08700014,3.41400015,3.08800014,2.74000012,2.78800012,3.09200014,3.09100014,2.75500012,2.78700012,2.74100012,2.58700012
1.60000007,1.65000007,1.51800007,1.54500007,1.62300007,1.56400007,1.44400006,1.65200007,1.70700008,1.79900008,1.52100007,1.62800007,1.72100008,1.65900007,1.75400008,1.66900007,1.52800007,1.55600007,1.65800007,1.60100007,1.45300006,1.54000007,1.51900007,1.31000006
0.23800001,0.20800001,0.23200001,0.24000001,0.20800001,0.21400001,0.25100001,0.24300001,0.24300001,0.24700001,0.23400001,0.19000001,0.24500001,0.22000001,0.32100001,0.25000001,0.21800001,0.20100001,0.23700001,0.24300001,0.20400001,0.23500001,0.24100001,0.20100001
0.98000004,0.86400004,0.78700004,0.91100004,0.86000004,0.84500004,0.95500004,0.92900004,0.92400004,1.00000004,0.91200004,0.73100003,0.92900004,0.99800004,1.06900005,1.04100005,0.91500004,0.84200004,0.91800004,0.82700004,0.88100004,0.88600004,0.91300004,0.78400004
2.08500009,1.93300009,1.88200008,2.06500009,1.92400009,1.88600008,2.08900009,1.90600009,2.07100009,2.10900009,1.92600009,1.76300008,1.96800009,2.07800009,2.3480001,2.1890001,1.99100009,1.87000008,1.98600009,1.99700009,1.78500008,1.84800008,1.90300009,1.66300007
1.35400006,1.32700006,1.18200005,1.37100006,1.22800005,1.19000005,1.20500005,1.32000006,1.30300006,1.35200006,1.25300006,1.23400006,1.39500006,1.38600006,1.44800006,1.42400006,1.30000006,1.26200006,1.43100006,1.24400006,1.19400005,1.21600005,1.27000006,1.09900005
0.54900002,0.55600002,0.56300003,0.60200003,0.57200003,0.54100002,0.59200003,0.49600002,0.56500003,0.56200003,0.54500002,0.53800002,0.53200002,0.55800002,0.65500003,0.64300003,0.55200002,0.52500002,0.56900003,0.57400003,0.45600002,0.57300003,0.51000002,0.51800002
0.99300004,0.99600004,1.02300005,1.04700005,0.99300004,0.97000004,1.03600005,0.86400004,0.98700004,1.02600005,0.93800004,0.87100004,0.96800004,1.00000004,1.07700005,1.06300005,0.94600004,0.87800004,1.02600005,1.08600005,0.84100004,0.95100004,0.96900004,0.86600004
0.69600003,0.77300003,0.66700003,0.70600003,0.65600003,0.67300003,0.71100003,0.69000003,0.90000004,0.73800003,0.65300003,0.74900003,0.74800003,0.67100003,0.68500003,0.68300003,0.67400003,0.68100003,0.78500004,0.61800003,0.69400003,0.68900003,0.70100003,0.68700003
2.98900013,2.77600012,2.69100012,2.86300013,2.79200012,2.71000012,2.84300013,2.75600012,3.15400014,3.12600014,2.55500011,2.49900011,3.12300014,3.00700013,3.01100013,3.00000013,2.74400012,2.66500012,2.93700013,2.93700013,2.78300012,2.64500012,2.76500012,2.49300011
0.77300003,0.71300003,0.65700003,0.76800003,0.74300003,0.76200003,0.76500003,0.68900003,0.77600003,0.84700004,0.79500004,0.59500003,0.77400003,0.77200003,0.67500003,0.69000003,0.76300003,0.69900003,0.84500004,0.78500004,0.77000003,0.68200003,0.74100003,0.79600004
1.42600006,1.31900006,1.48600007,1.47300007,1.48800007,1.42000006,1.59900007,1.38600006,1.60400007,1.54700007,1.56600007,1.29100006,1.49300007,1.48100007,1.41500006,1.47200007,1.43100006,1.34100006,1.61500007,1.59000007,1.65100007,1.56100007,1.57200007,1.52600007
0.43000002,0.39800002,0.38100002,0.41800002,0.40800002,0.40700002,0.37800002,0.42100002,0.48000002,0.47900002,0.37000002,0.31800001,0.50300002,0.45700002,0.42800002,0.42400002,0.37300002,0.36400002,0.45600002,0.44400002,0.40300002,0.40100002,0.38700002,0.35700002
0.71600003,0.61500003,0.53700002,0.69000003,0.65200003,0.67300003,0.65900003,0.63800003,0.77200003,0.84500004,0.65200003,0.57600003,0.77900003,0.73400003,0.65000003,0.65000003,0.67000003,0.61500003,0.69100003,0.70800003,0.67100003,0.60700003,0.64700003,0.67000003
0.14100001,0.12600001,0.14700001,0.14000001,0.14500001,0.12500001,0.13800001,0.12000001,0.14300001,0.15000001,0.12300001,0.13700001,0.16100001,0.14200001,0.11400001,0.11900001,0.111,0.13600001,0.11500001,0.13900001,0.12400001,0.12400001,0.12600001,0.14400001
0.079,0.102,0.08,0.079,0.081,0.068,0.079,0.078,0.081,0.093,0.068,0.08,0.098,0.082,0.078,0.077,0.071,0.075,0.074,0.079,0.069,0.065,0.062,0.052
0.96500004,0.76000003,0.80400004,0.62700003,0.79600004,0.74700003,0.79700004,0.79000004,0.96900004,1.06400005,0.79100004,0.75400003,0.93700004,0.95900004,0.78600004,0.80600004,0.80100004,0.67300003,0.91500004,0.98300004,0.81200004,0.75800003,0.74800003,1.02800005
0.13900001,0.16000001,0.16300001,0.13600001,0.14500001,0.14000001,0.13200001,0.12400001,0.13300001,0.18100001,0.12800001,0.15800001,0.15800001,0.14100001,0.14800001,0.14600001,0.11900001,0.12700001,0.13400001,0.13900001,0.12200001,0.111,0.13500001,0.12700001
12.32200055,12.42500056,12.38000055,12.85900057,13.05300058,12.83700057,12.73600057,11.58400052,13.4030006,12.69700057,11.83200053,12.37500055,12.37200055,12.63100056,12.69600057,12.66000057,12.81700057,12.26500055,12.76000057,13.13200059,12.06100054,12.04100054,12.42000056,12.36300055
0.22800001,0.26000001,0.20700001,0.22000001,0.20400001,0.20800001,0.24200001,0.24400001,0.27800001,0.27900001,0.22600001,0.25600001,0.23800001,0.25000001,0.25100001,0.25000001,0.21500001,0.22200001,0.19900001,0.24100001,0.24500001,0.21500001,0.21700001,0.23200001
1.38400006,1.40600006,1.34100006,1.25600006,1.41300006,1.28400006,1.23900006,1.35600006,1.44500006,1.46700007,1.30300006,1.28500006,1.44000006,1.41100006,1.48600007,1.40500006,1.21900005,1.29500006,1.34300006,1.42400006,1.22900005,1.24700006,1.22100005,1.08900005
0.48000002,0.53500002,0.43400002,0.42800002,0.49800002,0.43800002,0.44100002,0.49500002,0.55700002,0.58100003,0.38700002,0.51400002,0.49600002,0.50500002,0.52900002,0.52200002,0.44900002,0.37500002,0.48600002,0.45900002,0.39800002,0.42500002,0.40700002,0.39700002
1.06700005,1.06800005,1.08300005,1.02100005,1.16500005,1.08700005,1.05300005,1.06700005,1.12300005,1.16800005,1.01700005,1.01000005,1.10000005,1.09200005,1.14200005,1.15500005,0.96400004,0.98100004,1.11100005,1.12200005,1.07600005,1.09500005,1.00600004,0.94600004
0.084,0.104,0.09,0.082,0.087,0.08,0.073,0.089,0.089,0.109,0.067,0.087,0.088,0.09,0.1,0.096,0.08,0.077,0.079,0.077,0.074,0.081,0.074,0.079
24.75600111,25.03600112,25.45500114,25.07100112,26.35500118,26.7740012,26.9500012,25.56900114,26.21500117,27.26300122,27.14000121,22.54700101,26.04300116,24.6140011,23.98700107,24.29200109,28.34600127,27.02100121,26.8350012,27.87800125,27.83300124,27.74400124,27.10800121,25.18100113
0.18200001,0.12000001,0.16700001,0.14800001,0.17200001,0.16500001,0.17600001,0.14300001,0.18700001,0.19700001,0.17600001,0.16300001,0.18300001,0.19100001,0.14200001,0.14200001,0.17800001,0.15000001,0.18400001,0.18900001,0.19000001,0.15900001,0.16100001,0.17600001
5.37800024,4.99200022,5.40500024,6.04800027,6.12500027,6.15900028,6.04600027,5.19000023,5.25400023,5.58000025,5.56100025,4.68800021,5.35400024,5.06600023,5.34800024,5.37700024,5.85200026,5.61200025,5.30900024,5.64900025,5.50600025,5.66800025,5.68200025,5.36600024
3.29000015,3.12800014,3.10000014,3.37000015,3.29100015,3.34600015,3.18500014,3.20000014,3.37400015,3.31700015,3.14700014,2.97300013,3.46600015,3.26900015,3.21300014,3.22500014,3.21100014,3.03900014,3.29300015,3.39000015,3.04800014,3.10100014,3.10800014,3.22500014
0.22600001,0.23000001,0.24900001,0.25600001,0.24900001,0.25600001,0.25200001,0.21800001,0.23800001,0.24400001,0.22900001,0.21800001,0.24100001,0.21700001,0.22500001,0.21500001,0.25100001,0.25900001,0.23800001,0.25500001,0.26200001,0.24000001,0.25300001,0.24300001
3.51000016,3.55400016,3.50100016,3.49700016,3.79500017,3.77300017,3.58900016,3.51100016,3.78400017,3.70400017,3.59900016,3.34800015,3.74300017,3.66000016,3.58000016,3.59400016,3.46200015,3.41600015,3.65400016,3.73200017,3.37600015,3.40700015,3.48600016,3.48300016
1.11100005,1.01700005,1.11800005,1.09200005,1.08900005,1.06900005,1.09800005,0.94700004,1.18700005,1.08500005,0.94500004,1.01500005,1.14600005,1.01100005,1.13900005,1.13900005,1.05600005,1.06700005,1.11000005,1.10600005,0.99500004,1.01600005,1.04700005,1.03000005
10.89400049,10.95800049,11.41700051,11.32200051,12.16600054,11.58300052,11.42200051,9.65800043,11.2950005,11.36000051,10.36200046,10.17300045,11.06000049,10.55500047,10.98700049,11.05300049,10.71000048,10.89200049,10.99000049,11.75400053,10.33300046,10.76900048,10.97600049,11.2490005
5.35600024,4.3730002,4.86400022,4.85600022,5.43300024,5.22100023,5.34300024,5.21400023,5.77400026,5.80000026,5.17100023,4.87600022,5.66000025,5.63100025,5.23700023,5.18400023,5.41700024,4.71000021,5.63700025,5.70600026,5.00000022,5.11300023,4.99400022,5.26800024
1.58400007,1.79500008,1.59500007,1.61800007,1.59000007,1.64400007,1.62900007,1.60400007,1.62100007,1.70600008,1.71600008,1.65300007,1.71700008,1.63200007,1.64200007,1.64300007,1.53600007,1.53300007,1.61700007,1.68700008,1.55400007,1.55700007,1.54000007,1.58200007
0.38600002,0.41300002,0.46400002,0.45500002,0.48000002,0.47600002,0.45700002,0.40500002,0.42700002,0.44800002,0.41300002,0.42200002,0.42200002,0.41900002,0.43500002,0.43900002,0.43700002,0.45600002,0.42400002,0.49200002,0.45300002,0.45100002,0.47100002,0.46300002
0.66800003,0.64400003,0.59900003,0.65500003,0.68600003,0.64200003,0.64600003,0.61300003,0.69200003,0.66400003,0.61400003,0.58100003,0.65600003,0.60200003,0.62900003,0.61800003,0.66300003,0.62500003,0.57000003,0.65200003,0.59300003,0.62000003,0.56900003,0.62000003
2.35100011,2.1500001,2.3170001,2.35100011,2.2660001,2.49900011,2.39200011,2.07300009,2.2930001,2.2410001,2.2060001,2.40700011,2.3430001,2.2580001,2.3440001,2.3230001,2.39300011,2.36400011,2.2390001,2.53600011,2.3390001,2.38100011,2.3320001,2.3330001
0.26700001,0.28000001,0.26000001,0.27200001,0.28000001,0.26500001,0.27600001,0.24600001,0.28800001,0.25400001,0.25000001,0.22300001,0.25500001,0.26100001,0.24000001,0.24400001,0.26100001,0.26200001,0.23500001,0.30400001,0.24500001,0.26200001,0.25000001,0.28200001
0.16000001,0.18200001,0.20900001,0.20400001,0.22500001,0.20100001,0.18900001,0.16400001,0.21200001,0.22400001,0.19500001,0.14700001,0.20200001,0.20000001,0.18000001,0.19500001,0.17800001,0.20300001,0.20800001,0.21200001,0.20100001,0.19700001,0.20000001,0.19300001
5.32300024,4.88200022,5.34200024,5.22200023,5.20300023,5.34300024,5.44300024,4.70000021,5.38300024,5.22000023,5.02400022,4.58600021,5.24900023,4.97600022,4.99700022,4.97400022,5.22600023,5.02200022,5.08500023,5.36300024,5.03700023,5.08000023,5.14500023,5.14100023
2.73100012,2.50200011,2.65200012,2.71600012,2.75600012,2.76800012,2.56700011,2.46100011,2.80400013,2.68300012,2.64300012,2.1410001,2.42100011,2.40100011,2.61400012,2.61600012,2.60800012,2.58400012,2.71700012,2.80700013,2.57000011,2.54500011,2.68600012,2.51800011
0.23700001,0.23800001,0.23600001,0.25300001,0.24400001,0.23900001,0.24000001,0.20400001,0.26500001,0.23300001,0.22900001,0.28600001,0.24800001,0.25800001,0.23900001,0.24200001,0.24700001,0.22500001,0.22400001,0.22000001,0.20700001,0.21500001,0.22400001,0.25700001
0.22400001,0.21200001,0.21400001,0.19200001,0.19000001,0.20200001,0.20400001,0.19600001,0.22400001,0.21600001,0.18300001,0.19200001,0.21400001,0.22000001,0.21200001,0.21500001,0.20800001,0.19800001,0.21900001,0.21200001,0.19200001,0.18900001,0.20100001,0.20600001
0.32100001,0.27700001,0.27800001,0.30100001,0.30400001,0.30200001,0.31000001,0.25900001,0.28700001,0.31300001,0.27200001,0.29900001,0.28400001,0.34500002,0.29400001,0.28900001,0.29800001,0.30400001,0.31700001,0.29900001,0.28100001,0.26600001,0.29300001,0.29300001
1.15600005,1.25700006,1.20600005,1.30900006,1.24000006,1.23800006,1.25600006,1.08600005,1.21000005,1.25900006,1.15900005,1.11300005,1.23800006,1.15500005,1.15000005,1.16000005,1.21700005,1.21400005,1.14700005,1.26600006,1.21000005,1.15400005,1.24800006,1.20700005
1.47700007,1.42700006,1.51000007,1.47100007,1.45000006,1.52400007,1.48700007,1.31300006,1.54100007,1.54000007,1.32700006,1.21000005,1.33700006,1.35000006,1.36900006,1.36400006,1.39500006,1.49000007,1.43500006,1.44700006,1.31600006,1.41400006,1.40900006,1.45900007
0.053,0.088,0.07,0.053,0.057,0.059,0.063,0.057,0.061,0.066,0.058,0.047,0.064,0.055,0.054,0.061,0.058,0.049,0.062,0.065,0.061,0.057,0.072,0.067
1.22600005,0.99900004,1.32500006,1.35000006,1.35300006,1.31700006,1.39300006,1.17100005,1.31800006,1.32900006,1.31100006,1.04300005,1.33500006,1.23300006,1.25900006,1.26700006,1.30700006,1.31100006,1.28800006,1.32500006,1.32300006,1.34700006,1.40600006,1.34000006
4.99100022,5.03200022,5.55000025,5.35900024,5.37200024,5.46200024,5.52800025,4.79200021,5.21100023,5.13300023,5.02200022,5.09100023,5.23300023,5.20900023,5.23600023,5.22200023,5.17100023,5.16800023,4.77800021,5.52700025,5.17200023,5.18300023,5.41700024,5.26400024
2.49700011,2.94200013,2.94000013,2.92700013,2.77300012,2.82000013,2.86800013,2.57600012,2.74300012,2.73800012,2.64800012,2.87800013,3.05700014,2.99500013,3.01400013,2.92400013,2.80700013,2.81500013,2.98000013,3.04500014,2.59400012,2.83600013,2.84700013,2.79700013
0.53600002,0.61100003,0.54500002,0.62100003,0.60500003,0.61900003,0.57000003,0.54300002,0.55200002,0.64600003,0.50900002,0.42400002,0.62100003,0.54900002,0.57700003,0.58900003,0.55400002,0.58700003,0.54100002,0.62400003,0.53200002,0.52900002,0.54200002,0.56400003
0.075,0.063,0.081,0.086,0.073,0.062,0.08,0.071,0.064,0.077,0.073,0.08,0.082,0.068,0.07,0.068,0.082,0.081,0.076,0.076,0.074,0.081,0.076,0.079
1.48100007,1.48600007,1.55900007,1.59200007,1.56800007,1.56400007,1.57300007,1.51600007,1.65500007,1.53900007,1.42400006,1.65900007,1.61300007,1.52300007,1.57300007,1.60700007,1.53800007,1.51600007,1.56400007,1.60500007,1.51800007,1.51500007,1.56100007,1.61400007
0.14700001,0.15700001,0.16100001,0.17000001,0.18200001,0.18200001,0.18500001,0.18000001,0.14400001,0.19200001,0.16500001,0.18900001,0.15900001,0.18700001,0.19300001,0.17500001,0.16600001,0.16900001,0.14100001,0.16500001,0.16500001,0.17900001,0.16700001,0.18800001
0.19100001,0.17200001,0.21400001,0.19000001,0.19200001,0.17900001,0.21000001,0.22600001,0.23400001,0.19500001,0.20500001,0.24000001,0.21600001,0.20000001,0.19300001,0.18600001,0.19100001,0.19400001,0.22700001,0.20400001,0.19400001,0.20400001,0.18800001,0.21100001
0.17500001,0.16400001,0.16500001,0.18500001,0.17700001,0.17800001,0.18300001,0.18400001,0.22500001,0.17600001,0.17700001,0.15500001,0.17000001,0.17000001,0.19100001,0.18300001,0.17000001,0.17500001,0.20500001,0.17700001,0.18100001,0.19400001,0.18500001,0.17200001
2.90300013,3.17100014,2.84900013,3.02200014,3.45700015,2.99400013,3.49200016,3.37300015,3.65700016,3.29900015,3.54400016,2.78900012,3.65500016,3.64900016,3.51600016,3.49000016,3.45500015,2.87000013,2.63300012,3.72400017,3.42500015,3.20100014,3.73900017,2.75800012
0.15100001,0.16200001,0.17900001,0.16800001,0.15300001,0.17800001,0.15900001,0.16400001,0.13700001,0.16400001,0.16800001,0.12200001,0.17000001,0.16800001,0.15300001,0.16200001,0.16300001,0.16600001,0.13900001,0.15000001,0.15000001,0.14000001,0.16500001,0.15600001
23.85600107,23.53800105,22.53200101,21.80900097,23.12300103,22.00700098,22.83400102,24.6150011,25.83700116,25.46500114,21.93200098,22.479001,25.24600113,23.80700106,25.06400112,24.87800111,24.35900109,22.310001,24.38600109,23.24800104,22.79700102,21.89000098,24.22800108,21.62700097
0.31900001,0.36600002,0.38800002,0.34900002,0.34300002,0.35400002,0.34900002,0.34400002,0.38900002,0.36000002,0.30900001,0.30100001,0.34200002,0.32600001,0.35800002,0.35000002,0.35200002,0.34500002,0.31600001,0.38300002,0.34800002,0.33600002,0.35300002,0.36400002
0.27300001,0.27000001,0.27900001,0.27700001,0.27200001,0.29100001,0.26700001,0.26100001,0.31000001,0.24800001,0.26700001,0.15700001,0.28000001,0.27200001,0.26500001,0.26400001,0.28100001,0.26200001,0.27000001,0.27500001,0.27900001,0.26800001,0.26800001,0.26400001
0.046,0.042,0.043,0.052,0.049,0.056,0.05,0.046,0.051,0.045,0.047,0.031,0.046,0.046,0.037,0.048,0.045,0.051,0.051,0.049,0.047,0.052,0.053,0.044
0.53000002,0.51700002,0.52600002,0.56200003,0.54600002,0.60600003,0.53900002,0.53900002,0.60100003,0.56600003,0.52600002,0.37700002,0.59100003,0.53500002,0.54600002,0.53000002,0.56400003,0.54000002,0.57900003,0.54400002,0.56300003,0.58500003,0.58300003,0.53200002
0.085,0.086,0.082,0.103,0.093,0.104,0.108,0.079,0.097,0.095,0.092,0.066,0.094,0.097,0.084,0.085,0.09,0.08,0.086,0.087,0.084,0.086,0.1,0.074
0.17500001,0.16900001,0.19400001,0.19800001,0.19800001,0.20000001,0.19900001,0.17900001,0.20000001,0.18000001,0.19300001,0.22300001,0.19200001,0.18000001,0.17800001,0.18300001,0.19000001,0.18300001,0.18700001,0.19500001,0.20300001,0.17900001,0.19300001,0.19500001
0.23800001,0.23200001,0.21300001,0.21100001,0.24700001,0.22300001,0.23100001,0.20900001,0.23500001,0.22700001,0.19800001,0.18900001,0.22600001,0.21400001,0.23100001,0.23300001,0.23400001,0.20700001,0.22300001,0.23600001,0.21200001,0.20000001,0.22800001,0.19400001
1.55400007,1.52300007,1.87700008,1.50700007,2.2100001,1.54200007,2.2270001,2.03700009,2.3070001,2.08900009,2.2480001,1.52900007,2.47700011,2.35900011,2.2710001,2.1720001,2.1480001,1.62100007,1.40500006,2.2830001,2.1710001,2.07800009,2.2130001,1.58900007
0.89100004,0.88400004,1.01800005,0.83600004,1.06500005,0.85600004,1.09400005,0.94900004,1.13600005,0.87600004,0.92100004,0.79700004,0.97500004,0.99100004,1.07800005,1.04800005,1.00500004,0.90000004,0.80100004,1.20600005,1.06300005,0.96300004,1.09300005,0.97200004
0.081,0.078,0.083,0.071,0.07,0.078,0.073,0.075,0.065,0.077,0.067,0.056,0.066,0.066,0.059,0.061,0.069,0.07,0.069,0.065,0.078,0.077,0.071,0.062
0.037,0.048,0.037,0.042,0.043,0.036,0.039,0.039,0.039,0.041,0.049,0.032,0.048,0.038,0.042,0.04,0.04,0.041,0.04,0.041,0.049,0.04,0.037,0.041
0.085,0.075,0.072,0.076,0.075,0.082,0.092,0.068,0.079,0.076,0.078,0.061,0.074,0.074,0.076,0.082,0.083,0.062,0.099,0.081,0.079,0.074,0.079,0.072
2.93000013,2.80300013,3.01200013,3.14400014,3.23400014,2.95100013,3.37300015,2.89400013,3.16300014,3.24300014,3.09800014,2.46800011,3.28100015,3.27300015,3.09700014,3.02900014,3.35400015,2.80600013,3.01700013,3.33700015,3.20700014,3.24100014,3.30500015,3.01000013
0.29400001,0.23800001,0.33300001,0.28500001,0.31500001,0.30800001,0.29300001,0.26300001,0.34800002,0.27700001,0.29000001,0.24500001,0.28400001,0.32900001,0.27600001,0.27200001,0.29700001,0.28500001,0.35500002,0.32800001,0.32400001,0.32700001,0.38000002,0.31300001
0.18300001,0.19600001,0.18200001,0.19700001,0.17800001,0.21400001,0.20400001,0.16200001,0.18700001,0.16700001,0.16900001,0.13500001,0.17600001,0.17400001,0.19900001,0.19800001,0.17800001,0.16200001,0.20000001,0.19500001,0.17600001,0.18100001,0.18200001,0.16900001
0.87600004,0.93800004,0.93100004,0.95300004,0.92600004,0.95300004,0.97400004,0.88900004,0.99900004,0.89700004,0.93600004,0.84100004,0.86800004,0.91900004,0.90800004,0.93300004,0.97400004,0.95900004,0.88400004,1.00800005,0.94000004,0.95000004,0.98800004,0.93900004
0.021,0.023,0.021,0.017,0.021,0.022,0.022,0.019,0.018,0.018,0.021,0.02,0.02,0.02,0.021,0.02,0.02,0.021,0.016,0.023,0.024,0.02,0.023,0.019
0.46600002,0.39300002,0.46100002,0.45800002,0.48500002,0.46400002,0.54000002,0.44900002,0.56600003,0.47200002,0.42600002,0.37200002,0.52200002,0.51700002,0.51900002,0.52400002,0.53300002,0.45200002,0.49600002,0.52200002,0.49900002,0.49000002,0.51500002,0.43100002
0.95500004,0.86000004,0.79400004,1.08400005,1.14100005,0.91800004,1.13200005,0.97900004,1.15500005,1.08100005,1.03500005,0.77700003,1.08900005,0.99500004,1.04200005,1.02500005,1.08000005,0.90200004,0.88300004,1.01700005,0.99400004,0.94600004,1.02900005,0.82100004
0.41100002,0.35700002,0.42200002,0.43700002,0.46800002,0.39700002,0.45200002,0.37800002,0.47000002,0.47300002,0.41300002,0.28000001,0.44100002,0.44400002,0.42500002,0.42600002,0.46000002,0.36300002,0.39000002,0.45100002,0.44200002,0.45300002,0.44200002,0.41700002
1.06100005,0.60500003,0.80300004,0.79000004,1.03400005,0.66900003,1.15300005,1.07200005,1.18700005,1.20700005,1.14500005,0.80500004,1.17600005,1.16800005,1.00400004,1.01700005,0.97600004,0.86800004,0.69500003,1.08000005,1.02400005,1.14900005,0.98500004,0.97200004
1.38400006,1.17600005,1.43300006,1.28100006,1.73400008,1.19500005,1.60800007,1.44100006,1.63600007,1.42500006,1.60700007,1.14600005,1.63100007,1.67600007,1.48500007,1.46100007,1.57700007,1.22700005,1.39600006,1.71700008,1.56100007,1.59800007,1.62700007,1.41700006
1.34700006,2.1340001,1.66800007,1.67500007,2.2630001,1.68500008,2.09600009,2.42700011,2.53100011,2.3120001,2.42000011,1.65000007,2.74000012,2.56200011,2.38400011,2.38500011,2.40100011,1.65700007,1.34100006,2.42600011,2.3300001,2.02300009,2.76200012,1.63100007
1.17200005,1.35900006,1.23500006,1.18200005,1.35700006,1.29500006,1.36400006,1.21300005,1.31400006,1.30400006,1.21900005,1.01500005,1.28300006,1.35900006,1.31200006,1.30800006,1.30000006,1.20700005,1.23000005,1.37500006,1.21300005,1.29700006,1.24300006,1.20100005
2.79000012,3.39000015,3.80100017,2.99100013,4.63300021,2.70900012,4.78700021,4.79300021,5.37200024,3.92300018,4.78900021,2.53600011,5.31700024,5.44900024,4.5010002,4.3700002,4.03600018,3.12400014,2.90000013,5.11400023,4.66500021,3.84200017,4.64500021,3.41300015
0.18800001,0.20700001,0.21800001,0.19500001,0.28100001,0.21700001,0.28600001,0.23600001,0.29400001,0.25600001,0.23000001,0.26600001,0.24600001,0.23900001,0.30000001,0.28700001,0.26700001,0.23300001,0.20900001,0.30100001,0.27000001,0.27500001,0.29800001,0.20100001
0.62900003,0.74200003,0.74400003,0.72300003,0.67600003,0.71200003,0.71100003,0.65400003,0.68700003,0.73600003,0.71900003,0.67600003,0.71700003,0.67000003,0.66200003,0.66300003,0.72300003,0.69900003,0.63000003,0.73000003,0.73200003,0.74200003,0.76000003,0.69500003
1.14300005,1.10900005,1.27700006,1.39100006,1.53100007,1.38400006,1.47000007,1.34700006,1.19600005,1.27700006,1.41200006,1.02500005,1.25700006,1.19800005,1.25300006,1.34500006,1.57700007,1.14300005,1.24900006,1.30800006,1.16700005,1.37400006,1.25600006,1.14200005
1.14500005,1.08900005,1.20400005,1.17500005,1.32000006,1.29100006,1.24800006,1.02100005,1.22500005,1.16500005,1.09800005,1.15300005,1.16300005,1.15900005,1.15900005,1.13700005,1.20000005,1.18600005,1.14200005,1.17000005,1.12800005,1.13900005,1.23300006,1.20700005
8.72600039,9.66300043,10.13100045,9.89200044,9.92100044,9.83000044,9.91500044,8.32200037,10.13900045,9.85000044,8.79200039,10.74900048,10.50700047,9.54300043,9.52900043,9.50500042,9.78900044,10.08400045,9.66700043,9.53100043,8.50600038,9.35900042,9.48500042,9.49300042
0.20300001,0.19200001,0.23100001,0.24500001,0.23100001,0.25300001,0.23800001,0.20200001,0.22300001,0.21600001,0.24700001,0.17300001,0.22100001,0.22800001,0.20700001,0.22900001,0.26200001,0.24800001,0.19800001,0.23000001,0.25300001,0.24000001,0.25200001,0.24300001
0.46100002,0.48100002,0.49100002,0.50700002,0.49000002,0.52500002,0.47400002,0.43600002,0.49100002,0.49800002,0.45800002,0.40100002,0.48100002,0.44200002,0.45900002,0.46100002,0.51600002,0.48900002,0.48400002,0.51200002,0.51600002,0.47200002,0.50400002,0.49300002
0.67500003,0.75100003,0.75000003,0.80400004,0.63500003,0.75000003,0.76800003,0.63400003,0.72900003,0.70100003,0.58900003,0.79100004,0.79800004,0.74600003,0.70600003,0.68900003,0.73400003,0.76000003,0.76000003,0.69100003,0.51100002,0.67200003,0.64800003,0.69900003
0.87000004,0.74300003,0.79200004,0.80100004,0.86900004,0.98300004,0.88900004,0.87900004,0.93400004,0.94100004,0.86900004,0.74100003,0.90500004,0.84600004,0.93000004,0.84100004,0.95000004,0.87600004,0.87300004,0.91000004,1.26000006,1.17300005,1.05400005,0.75200003
0.047,0.056,0.048,0.056,0.062,0.062,0.059,0.039,0.057,0.058,0.042,0.043,0.047,0.051,0.042,0.053,0.055,0.054,0.054,0.05,0.045,0.052,0.057,0.055
1.99700009,2.04700009,2.2130001,2.1710001,2.1410001,2.1820001,2.12200009,1.95800009,2.2030001,2.1900001,1.95400009,1.76400008,1.99600009,2.05800009,2.03900009,2.03000009,2.1280001,2.11400009,2.12500009,2.1710001,2.1290001,2.1440001,2.1770001,2.1870001
0.052,0.041,0.061,0.055,0.052,0.059,0.057,0.052,0.045,0.063,0.046,0.051,0.058,0.05,0.055,0.046,0.053,0.054,0.054,0.052,0.055,0.05,0.057,0.055
0.23900001,0.21900001,0.21800001,0.22700001,0.23900001,0.22900001,0.22500001,0.21300001,0.24800001,0.24500001,0.20300001,0.21600001,0.23400001,0.21600001,0.22800001,0.23500001,0.22900001,0.22500001,0.22600001,0.22800001,0.20700001,0.23200001,0.21500001,0.22400001
0.064,0.08,0.067,0.074,0.069,0.082,0.071,0.058,0.066,0.064,0.076,0.054,0.056,0.073,0.063,0.066,0.083,0.073,0.059,0.066,0.062,0.06,0.065,0.067
0.032,0.031,0.037,0.038,0.034,0.039,0.032,0.033,0.033,0.035,0.036,0.036,0.035,0.029,0.027,0.029,0.037,0.026,0.035,0.039,0.034,0.037,0.034,0.034
0.083,0.085,0.082,0.093,0.092,0.087,0.093,0.074,0.095,0.078,0.084,0.08,0.102,0.083,0.084,0.087,0.088,0.093,0.087,0.094,0.082,0.085,0.074,0.088
0.96400004,1.00700005,1.08600005,1.11700005,1.12300005,1.18100005,1.13200005,1.01100005,1.08600005,1.05100005,1.01100005,0.93700004,1.05300005,1.04400005,1.02900005,1.03700005,1.04900005,1.06600005,1.06900005,1.13400005,1.03300005,1.01900005,1.06400005,0.99600004
0.49500002,0.44900002,0.49700002,0.46400002,0.50300002,0.47400002,0.47300002,0.45800002,0.51100002,0.48300002,0.45100002,0.48600002,0.48400002,0.49300002,0.48900002,0.49300002,0.44700002,0.48200002,0.45600002,0.51200002,0.45900002,0.48100002,0.48100002,0.48600002
1.21800005,1.23900006,1.30200006,1.24100006,1.56300007,1.29500006,1.58400007,1.45100006,1.70300008,1.51000007,1.50600007,1.18400005,1.78900008,1.74300008,1.63400007,1.57200007,1.67000007,1.25700006,1.30600006,1.58700007,1.50900007,1.52700007,1.59200007,1.10300005
0.53400002,0.40400002,0.41200002,0.44200002,0.48300002,0.38700002,0.56800003,0.52900002,0.57600003,0.55700002,0.51600002,0.40900002,0.57500003,0.61300003,0.50000002,0.52800002,0.42700002,0.44800002,0.65800003,0.55100002,0.44500002,0.51400002,0.44300002,0.42100002
0.082,0.073,0.098,0.093,0.109,0.1,0.11,0.105,0.11600001,0.092,0.105,0.065,0.11300001,0.106,0.102,0.11200001,0.108,0.107,0.104,0.098,0.11200001,0.107,0.106,0.088
0.094,0.082,0.093,0.084,0.104,0.093,0.094,0.102,0.105,0.07,0.11,0.074,0.11200001,0.11200001,0.094,0.105,0.103,0.091,0.09,0.11900001,0.11500001,0.107,0.12600001,0.104
0.082,0.075,0.062,0.087,0.1,0.078,0.088,0.082,0.093,0.106,0.102,0.064,0.106,0.094,0.095,0.096,0.086,0.066,0.066,0.087,0.082,0.084,0.087,0.07
0.72200003,0.84100004,0.95500004,0.76500003,1.01000005,0.70600003,1.12400005,1.05200005,1.15900005,0.81700004,1.04400005,0.65500003,1.09900005,1.17500005,0.99300004,0.89900004,0.95000004,0.70000003,0.74800003,1.23100006,1.12400005,0.88100004,1.12200005,0.76400003
0.41900002,0.36900002,0.33700002,0.33800002,0.39200002,0.32300001,0.44100002,0.53900002,0.48700002,0.45600002,0.50100002,0.29200001,0.47400002,0.54600002,0.41200002,0.40400002,0.41200002,0.33200001,0.30500001,0.48400002,0.48400002,0.39300002,0.51300002,0.36200002
0.23300001,0.24100001,0.26400001,0.25800001,0.25800001,0.26100001,0.29400001,0.22900001,0.25800001,0.29500001,0.22400001,0.21400001,0.29100001,0.23800001,0.26200001,0.25800001,0.24300001,0.24700001,0.24300001,0.26600001,0.22100001,0.23500001,0.25100001,0.25900001
0.50100002,0.45500002,0.49900002,0.51800002,0.51500002,0.49900002,0.50000002,0.46000002,0.54100002,0.52000002,0.49800002,0.40700002,0.50600002,0.48900002,0.49100002,0.49800002,0.48800002,0.45700002,0.46200002,0.48600002,0.50300002,0.46700002,0.50100002,0.43800002
0.63900003,0.75600003,0.68000003,0.79500004,0.77300003,0.86900004,0.80200004,0.71400003,0.81200004,0.70800003,0.71800003,0.72900003,0.80600004,0.78400004,0.75000003,0.73300003,0.77200003,0.70200003,0.70200003,0.76700003,0.71900003,0.76600003,0.70200003,0.61000003
0.43900002,0.47300002,0.50200002,0.53700002,0.51300002,0.53400002,0.52700002,0.42100002,0.50200002,0.49100002,0.45200002,0.48700002,0.45900002,0.44700002,0.49500002,0.49700002,0.50100002,0.49400002,0.46000002,0.49400002,0.47100002,0.48800002,0.47600002,0.49900002
0.41500002,0.40600002,0.48200002,0.44000002,0.49900002,0.45100002,0.52300002,0.48700002,0.59600003,0.54700002,0.43900002,0.38900002,0.57000003,0.58200003,0.58200003,0.55100002,0.55700002,0.45200002,0.46500002,0.49400002,0.49500002,0.53100002,0.51300002,0.39800002
5.59600025,5.78500026,5.76000026,5.36500024,5.57300025,5.55200025,5.63800025,5.62100025,6.34200028,5.99600027,5.00400022,5.34700024,6.09300027,5.58700025,5.84300026,5.87100026,5.60600025,5.42100024,5.79600026,5.71300026,5.40800024,5.42700024,5.69800025,5.38500024
2.59500012,2.55200011,3.37900015,3.18400014,5.08700023,4.13600018,3.39800015,2.75500012,3.11500014,2.61700012,2.94000013,3.00800013,2.72600012,2.79600012,2.66700012,2.66500012,2.91800013,3.42100015,2.69200012,3.51900016,2.73700012,2.97200013,3.10300014,3.44800015
0.22700001,0.23900001,0.24400001,0.23800001,0.25900001,0.26000001,0.24400001,0.27400001,0.25700001,0.23100001,0.22900001,0.23600001,0.27500001,0.26400001,0.24600001,0.24200001,0.22500001,0.23100001,0.23100001,0.24200001,0.20600001,0.23400001,0.24300001,0.25400001
0.044,0.045,0.043,0.047,0.047,0.048,0.047,0.04,0.041,0.048,0.039,0.049,0.039,0.052,0.036,0.043,0.035,0.037,0.038,0.052,0.041,0.038,0.036,0.038
0.46100002,0.48800002,0.45600002,0.45000002,0.44200002,0.42600002,0.47600002,0.44200002,0.46500002,0.46800002,0.40300002,0.45800002,0.50300002,0.47300002,0.48800002,0.48600002,0.44000002,0.46400002,0.47000002,0.45200002,0.41300002,0.46100002,0.41600002,0.44200002
0.71100003,0.70100003,0.82900004,0.83800004,0.80100004,0.82800004,0.87500004,0.74600003,0.81700004,0.73000003,0.82400004,1.02200005,0.73300003,0.79400004,0.74500003,0.77200003,0.83100004,0.87100004,0.68400003,0.89200004,0.88200004,0.81800004,0.87100004,0.81300004
0.32100001,0.30400001,0.35700002,0.35400002,0.36900002,0.37800002,0.36100002,0.35000002,0.38900002,0.31300001,0.34600002,0.37400002,0.33200001,0.34000002,0.36300002,0.36200002,0.33900002,0.34200002,0.34200002,0.37900002,0.35600002,0.35200002,0.35900002,0.38700002
0.05,0.061,0.062,0.069,0.059,0.066,0.068,0.056,0.073,0.054,0.063,0.07,0.062,0.062,0.057,0.059,0.062,0.059,0.057,0.066,0.056,0.062,0.057,0.055
0.107,0.092,0.105,0.099,0.102,0.101,0.097,0.086,0.096,0.09,0.088,0.12700001,0.108,0.11700001,0.093,0.093,0.093,0.102,0.104,0.093,0.088,0.093,0.094,0.099
0.087,0.107,0.073,0.08,0.079,0.088,0.076,0.082,0.084,0.083,0.072,0.085,0.098,0.098,0.081,0.083,0.086,0.082,0.083,0.089,0.074,0.08,0.084,0.08
0.61300003,0.55500002,0.56000003,0.56300003,0.56700003,0.60300003,0.53600002,0.50800002,0.59300003,0.60500003,0.48400002,0.52100002,0.55800002,0.56000003,0.55900002,0.56000003,0.52400002,0.54100002,0.53400002,0.58100003,0.47400002,0.51500002,0.52000002,0.52900002
0.11500001,0.11300001,0.11200001,0.13600001,0.106,0.12400001,0.107,0.098,0.099,0.12100001,0.105,0.13900001,0.11600001,0.095,0.096,0.097,0.11500001,0.11800001,0.11600001,0.107,0.102,0.12600001,0.11200001,0.12400001
0.017,0.027,0.022,0.022,0.021,0.018,0.022,0.018,0.02,0.027,0.018,0.019,0.024,0.021,0.021,0.018,0.021,0.021,0.021,0.025,0.017,0.024,0.021,0.022
0.20800001,0.20700001,0.20800001,0.22300001,0.23000001,0.21300001,0.20900001,0.20100001,0.23100001,0.21200001,0.23000001,0.17600001,0.21300001,0.20800001,0.22700001,0.22200001,0.22200001,0.21000001,0.20700001,0.22600001,0.24100001,0.21600001,0.22700001,0.20600001
0.33300001,0.34200002,0.40800002,0.35000002,0.48600002,0.40300002,0.40400002,0.29100001,0.36900002,0.32900001,0.33800002,0.41400002,0.36600002,0.34200002,0.33900002,0.37400002,0.38900002,0.42800002,0.32100001,0.44700002,0.38800002,0.35900002,0.39300002,0.38800002
0.64800003,0.55300002,0.76600003,0.57300003,0.89400004,0.56300003,0.90000004,0.78100003,0.96600004,0.76900003,0.88700004,0.50200002,1.02300005,0.97200004,0.83100004,0.83000004,0.78800004,0.61200003,0.56900003,0.90400004,0.87200004,0.78300004,0.86600004,0.64100003
0.53400002,0.55300002,0.53900002,0.57500003,0.61000003,0.61800003,0.60000003,0.52500002,0.56600003,0.60100003,0.50500002,0.50300002,0.56100003,0.51900002,0.52800002,0.52200002,0.58000003,0.55600002,0.54100002,0.57600003,0.54600002,0.59400003,0.54300002,0.58100003
0.064,0.059,0.058,0.068,0.065,0.066,0.061,0.063,0.068,0.084,0.062,0.049,0.07,0.055,0.063,0.065,0.063,0.06,0.062,0.065,0.07,0.063,0.065,0.071
0.042,0.066,0.055,0.056,0.056,0.063,0.052,0.07,0.06,0.063,0.064,0.048,0.043,0.056,0.067,0.052,0.058,0.052,0.069,0.048,0.057,0.052,0.058,0.058
0.66900003,0.60900003,0.69900003,0.67600003,0.73500003,0.72800003,0.73600003,0.67000003,0.70700003,0.66500003,0.68100003,0.71000003,0.66200003,0.66200003,0.64200003,0.64100003,0.68700003,0.67200003,0.66500003,0.76000003,0.67000003,0.68600003,0.69800003,0.77200003
0.96400004,0.95100004,0.94100004,0.93700004,0.91700004,0.93200004,0.92900004,0.90500004,0.99000004,0.84700004,0.80300004,1.06700005,0.92000004,0.88900004,1.01400005,0.96900004,0.83300004,0.85900004,0.98400004,0.95600004,0.80000004,0.80400004,0.83700004,0.85700004
0.36900002,0.48900002,0.37700002,0.41200002,0.37400002,0.44900002,0.40100002,0.41100002,0.40800002,0.37000002,0.38600002,0.40600002,0.39200002,0.36500002,0.41100002,0.39000002,0.35100002,0.36600002,0.42100002,0.41000002,0.33000001,0.37000002,0.37100002,0.36700002
0.88200004,0.90600004,0.72700003,0.74800003,0.75700003,0.72300003,0.76500003,0.78800004,0.81600004,0.82000004,0.71300003,0.69000003,0.75400003,0.72000003,0.84700004,0.83400004,0.71400003,0.70100003,0.84000004,0.82100004,0.68200003,0.68300003,0.74000003,0.74700003
0.25500001,0.29400001,0.22200001,0.22500001,0.24300001,0.23300001,0.23900001,0.29100001,0.25100001,0.29000001,0.23800001,0.26600001,0.24700001,0.25500001,0.26400001,0.26400001,0.23400001,0.21600001,0.26800001,0.24000001,0.23000001,0.21200001,0.25000001,0.22000001
0.22500001,0.27900001,0.27000001,0.23800001,0.26000001,0.23300001,0.25200001,0.25300001,0.30300001,0.23600001,0.21900001,0.21700001,0.26800001,0.24900001,0.25400001,0.25000001,0.24100001,0.23700001,0.27800001,0.26100001,0.24200001,0.22000001,0.27200001,0.24500001
0.17900001,0.21200001,0.19300001,0.18500001,0.17900001,0.18600001,0.17700001,0.17400001,0.20200001,0.19700001,0.17300001,0.16800001,0.17200001,0.18900001,0.18900001,0.18900001,0.18000001,0.19100001,0.19400001,0.18800001,0.18200001,0.18000001,0.18500001,0.19400001
0.61900003,0.78700004,0.62000003,0.68900003,0.61400003,0.66600003,0.66600003,0.70600003,0.70500003,0.64000003,0.63400003,0.69100003,0.63300003,0.64700003,0.69700003,0.69300003,0.60800003,0.59000003,0.74400003,0.66000003,0.58500003,0.61100003,0.68500003,0.62200003
1.36500006,1.40200006,1.46200007,1.39200006,1.38600006,1.35100006,1.34200006,1.41200006,1.56200007,1.46700007,1.26500006,1.32200006,1.46300007,1.54300007,1.56000007,1.54000007,1.26200006,1.24600006,1.47900007,1.42700006,1.24000006,1.24700006,1.32200006,1.34500006
1.08700005,1.17000005,0.97300004,1.03600005,1.06600005,0.98600004,1.05700005,1.05700005,1.24000006,1.08600005,0.96100004,0.95000004,1.00100004,1.01600005,1.09300005,1.08400005,0.86100004,0.89000004,1.07200005,1.02500005,0.92000004,0.93100004,0.99900004,1.01900005
0.79000004,0.80800004,0.78700004,0.81500004,0.77200003,0.78900004,0.76700003,0.74400003,0.85000004,0.82500004,0.70600003,0.72300003,0.87900004,0.82300004,0.82400004,0.80300004,0.75700003,0.70200003,0.77100003,0.77000003,0.72300003,0.75900003,0.75800003,0.74800003
0.89300004,0.95500004,0.94900004,0.93800004,0.86200004,0.88900004,0.93000004,0.87700004,1.02000005,0.93500004,0.89900004,0.95000004,0.99600004,0.91800004,0.92300004,0.92500004,0.91200004,0.82900004,0.92400004,0.91100004,0.84400004,0.89600004,0.88800004,0.87100004
0.92200004,0.88300004,0.86700004,0.94000004,0.92700004,0.94400004,0.85600004,0.79700004,1.00700005,0.97600004,0.83900004,0.92700004,0.99000004,0.98000004,0.91400004,0.90800004,0.86200004,0.87200004,0.89600004,0.93800004,0.85500004,0.87700004,0.87100004,0.83600004
0.37700002,0.42800002,0.38700002,0.39600002,0.43900002,0.39200002,0.43000002,0.33200001,0.40200002,0.39900002,0.38900002,0.43400002,0.39300002,0.34900002,0.45600002,0.42100002,0.37800002,0.36600002,0.40500002,0.38500002,0.42100002,0.35800002,0.38500002,0.30800001
0.47700002,0.52300002,0.46200002,0.45800002,0.51200002,0.47000002,0.44400002,0.44200002,0.51300002,0.48500002,0.44300002,0.52400002,0.48800002,0.48200002,0.52100002,0.53300002,0.44600002,0.43500002,0.53600002,0.46500002,0.43100002,0.44200002,0.44600002,0.41000002
4.06700018,4.68900021,3.96200018,3.89400017,4.5480002,4.08400018,4.13500018,4.04300018,4.5190002,4.4960002,4.20000019,3.92900018,4.11900018,4.02700018,4.61900021,4.5720002,4.14800019,3.74100017,4.4380002,4.35200019,4.03900018,4.01800018,4.10600018,3.50600016
3.22100014,3.39800015,3.17500014,3.38600015,3.35000015,3.54100016,3.37300015,3.06500014,3.75100017,3.77500017,3.21500014,3.48700016,3.60800016,3.53700016,3.36400015,3.33000015,3.25100015,3.05900014,3.52500016,3.60700016,3.23000014,3.27400015,3.29100015,3.14600014
1.69300008,1.73600008,1.65800007,1.60500007,1.67400007,1.61100007,1.63000007,1.53000007,1.94900009,2.02100009,1.57200007,1.88500008,1.74400008,1.66000007,1.85800008,1.85900008,1.60000007,1.59200007,1.78000008,1.62000007,1.59500007,1.58700007,1.61600007,1.39600006
0.083,0.086,0.075,0.09,0.081,0.085,0.079,0.088,0.096,0.09,0.09,0.063,0.096,0.099,0.097,0.079,0.084,0.087,0.102,0.095,0.078,0.079,0.082,0.082
3.48600016,3.54400016,3.17200014,3.33200015,3.65400016,3.44000015,3.34300015,3.34500015,3.76900017,3.66600016,3.27100015,3.19400014,3.19100014,3.40100015,3.56100016,3.57900016,3.21000014,3.14000014,3.59000016,3.38000015,3.21000014,3.18400014,3.33700015,3.01400013
3.39900015,3.49200016,3.03400014,3.14300014,3.35800015,3.15800014,3.13000014,3.31000015,3.54400016,3.59800016,3.10500014,2.92400013,3.15900014,3.15700014,3.43100015,3.46600015,2.93700013,2.85500013,3.25900015,3.28200015,2.95900013,2.95100013,3.07200014,2.98900013
0.72200003,0.72400003,0.64900003,0.63000003,0.59400003,0.60400003,0.69000003,0.67100003,0.81400004,0.79900004,0.60700003,0.67800003,0.69800003,0.71600003,0.78000003,0.78300004,0.56900003,0.58500003,0.75000003,0.60300003,0.60100003,0.63200003,0.59800003,0.61200003
0.16200001,0.16200001,0.15000001,0.16300001,0.16900001,0.15800001,0.15200001,0.17100001,0.18200001,0.19400001,0.16300001,0.14300001,0.18700001,0.19200001,0.15100001,0.15200001,0.16200001,0.15000001,0.17800001,0.16900001,0.14400001,0.16000001,0.14100001,0.15600001
0.047,0.04,0.025,0.044,0.036,0.035,0.027,0.026,0.05,0.028,0.048,0.028,0.051,0.048,0.049,0.029,0.029,0.049,0.037,0.047,0.03,0.043,0.024,0.047
0.43000002,0.47200002,0.42900002,0.45700002,0.37300002,0.41400002,0.42500002,0.44200002,0.48100002,0.43400002,0.42600002,0.49200002,0.51300002,0.47200002,0.44300002,0.46200002,0.45600002,0.41600002,0.45200002,0.46000002,0.40200002,0.43200002,0.42200002,0.41600002
4.30200019,4.62500021,4.27400019,4.30900019,4.3680002,4.65900021,4.4120002,4.23800019,4.76600021,4.62000021,4.08000018,3.78500017,4.4440002,4.5370002,4.36200019,4.34100019,4.31100019,4.08200018,4.34000019,4.4370002,4.02000018,4.18900019,4.21800019,4.00900018
0.65800003,0.72000003,0.60500003,0.62200003,0.63400003,0.63000003,0.62900003,0.69500003,0.70000003,0.71100003,0.60700003,0.51700002,0.64500003,0.69800003,0.63600003,0.63500003,0.60700003,0.63700003,0.66100003,0.64400003,0.59600003,0.58600003,0.61500003,0.59400003
1.54000007,1.71300008,1.40700006,1.51300007,1.59500007,1.55200007,1.47900007,1.57700007,1.71000008,1.74300008,1.45200006,1.38300006,1.54100007,1.60500007,1.68600008,1.68500008,1.44500006,1.50900007,1.56300007,1.55800007,1.43600006,1.41800006,1.49100007,1.44900006
1.24800006,1.26600006,1.15100005,1.28800006,1.38600006,1.28100006,1.25700006,1.23800006,1.44600006,1.37200006,1.24300006,1.10400005,1.26200006,1.26100006,1.29100006,1.30100006,1.20500005,1.18700005,1.20300005,1.29600006,1.25000006,1.20300005,1.30800006,1.20700005
1.40300006,1.43200006,1.28800006,1.28900006,1.40200006,1.38900006,1.32500006,1.26500006,1.53900007,1.45700007,1.27500006,1.19100005,1.33900006,1.38000006,1.45400006,1.41500006,1.26200006,1.24300006,1.42500006,1.35100006,1.19600005,1.21700005,1.28000006,1.15800005
0.052,0.059,0.062,0.057,0.065,0.062,0.062,0.071,0.064,0.067,0.068,0.041,0.059,0.059,0.073,0.08,0.059,0.059,0.062,0.058,0.064,0.055,0.068,0.068
0.21700001,0.22400001,0.21900001,0.23400001,0.24300001,0.22600001,0.24300001,0.25800001,0.24800001,0.26700001,0.22500001,0.16500001,0.25500001,0.24800001,0.23300001,0.25600001,0.24000001,0.21700001,0.24900001,0.24600001,0.24800001,0.21700001,0.24100001,0.21000001
2.06500009,2.05100009,1.90100008,1.95400009,2.05800009,2.1600001,2.06600009,2.07600009,2.2900001,2.1310001,1.87200008,1.76100008,2.05200009,1.99100009,2.04000009,2.04900009,1.93600009,1.85200008,1.98600009,2.04000009,1.87100008,1.86400008,1.99400009,1.76900008
3.24000014,3.41500015,3.12600014,3.06600014,3.14700014,3.36000015,3.24300014,3.22200014,3.60200016,3.49200016,2.84500013,3.14900014,3.53900016,3.34900015,3.32200015,3.30100015,3.04600014,2.97600013,3.09000014,3.22300014,3.04000014,3.02900014,3.13700014,2.89400013
1.64300007,1.51900007,1.48700007,1.52700007,1.51400007,1.52300007,1.47000007,1.47900007,1.67000007,1.68000008,1.41200006,1.56900007,1.58800007,1.67000007,1.59600007,1.57300007,1.42700006,1.42500006,1.61600007,1.59200007,1.44700006,1.51200007,1.51300007,1.44300006
0.23500001,0.27300001,0.26600001,0.23700001,0.23400001,0.22400001,0.24300001,0.25800001,0.25800001,0.23300001,0.23100001,0.16900001,0.28100001,0.28900001,0.28300001,0.31500001,0.23900001,0.23000001,0.24900001,0.25400001,0.23000001,0.23000001,0.24900001,0.23000001
0.94800004,0.97900004,0.93600004,0.90800004,0.87400004,0.86500004,0.93100004,0.92100004,1.01400005,0.93100004,0.88200004,0.87100004,1.02100005,0.93300004,1.00800005,1.00200004,0.90200004,0.83100004,0.97900004,0.91300004,0.86200004,0.89300004,0.84200004,0.89100004
2.1370001,2.11000009,2.1920001,2.06800009,2.09100009,2.07600009,2.1690001,2.07000009,2.38700011,2.1500001,1.98000009,1.83800008,2.42000011,2.45700011,2.3190001,2.2450001,2.10700009,2.05700009,2.2490001,2.2760001,2.01700009,2.00900009,2.1410001,2.05000009
1.29000006,1.38300006,1.22700005,1.27400006,1.18700005,1.19200005,1.30100006,1.28500006,1.32400006,1.27900006,1.20400005,1.14900005,1.41000006,1.32600006,1.39100006,1.36200006,1.27100006,1.19200005,1.36200006,1.33900006,1.22200005,1.22800005,1.22900005,1.20400005
0.51100002,0.51500002,0.58600003,0.55900002,0.53700002,0.54700002,0.57900003,0.49300002,0.59600003,0.55100002,0.53300002,0.42600002,0.61600003,0.57600003,0.60300003,0.61300003,0.54800002,0.54100002,0.57500003,0.56600003,0.52400002,0.51800002,0.55400002,0.56400003
0.89300004,0.89900004,1.02700005,0.97400004,0.96200004,0.96300004,0.98100004,0.85200004,1.02000005,1.03500005,0.86500004,0.80700004,1.01500005,1.06100005,1.00200004,0.99600004,0.91500004,0.89300004,1.00400004,1.01100005,0.85800004,0.86100004,0.91200004,0.93800004
0.71400003,0.74900003,0.70500003,0.68800003,0.66100003,0.69800003,0.70100003,0.65400003,0.83900004,0.84000004,0.67700003,0.72000003,0.75900003,0.71800003,0.83100004,0.83400004,0.69600003,0.67300003,0.79200004,0.69500003,0.67700003,0.68500003,0.65800003,0.64600003
2.72900012,2.81100013,2.44100011,2.65000012,2.64400012,2.69900012,2.58200012,2.59500012,3.00500013,3.06000014,2.53000011,2.59400012,2.86300013,2.97700013,2.80600013,2.75900012,2.66400012,2.57500012,2.73700012,2.85900013,2.72900012,2.47200011,2.51800011,2.52300011
0.75800003,0.72500003,0.59400003,0.71000003,0.70800003,0.70300003,0.70100003,0.68400003,0.79500004,0.77300003,0.73300003,0.65900003,0.72700003,0.73500003,0.65700003,0.67800003,0.66800003,0.69500003,0.82500004,0.73900003,0.72900003,0.62500003,0.70400003,0.70600003
1.41900006,1.37000006,1.05700005,1.20500005,1.39800006,1.42300006,1.35500006,1.27900006,1.46200007,1.36700006,1.33800006,1.27200006,1.37000006,1.42000006,1.29600006,1.29500006,1.43400006,1.33600006,1.48500007,1.40100006,1.48100007,1.29400006,1.44900006,1.29400006
0.37500002,0.44400002,0.34300002,0.42700002,0.39900002,0.41100002,0.39800002,0.38300002,0.49200002,0.49900002,0.35900002,0.33600002,0.44500002,0.46600002,0.39800002,0.40400002,0.35900002,0.34900002,0.43800002,0.44300002,0.39200002,0.37500002,0.36900002,0.39400002
0.71200003,0.69200003,0.63900003,0.71800003,0.68600003,0.71400003,0.65100003,0.66100003,0.77400003,0.86600004,0.63400003,0.62300003,0.74800003,0.77500003,0.70000003,0.68100003,0.60000003,0.62400003,0.75900003,0.76600003,0.65100003,0.62500003,0.63300003,0.64200003
0.15600001,0.14100001,0.14200001,0.13900001,0.15000001,0.15100001,0.15000001,0.11900001,0.15100001,0.17000001,0.11700001,0.14500001,0.16000001,0.15700001,0.18300001,0.17000001,0.12600001,0.13400001,0.15500001,0.12200001,0.13900001,0.13900001,0.13700001,0.13700001
0.056,0.071,0.057,0.063,0.062,0.058,0.054,0.054,0.063,0.066,0.052,0.061,0.063,0.065,0.061,0.067,0.056,0.062,0.069,0.059,0.05,0.051,0.051,0.054
0.98000004,0.83300004,1.11400005,0.90100004,0.93200004,0.90400004,0.91500004,0.89800004,0.99900004,1.07700005,0.79700004,0.81700004,1.04600005,1.01600005,0.82200004,0.93500004,0.85500004,0.77100003,1.01000005,0.99400004,0.88400004,0.73700003,0.81000004,0.93800004
0.14700001,0.17600001,0.14100001,0.15200001,0.14800001,0.14900001,0.14400001,0.14400001,0.16200001,0.14000001,0.13400001,0.12400001,0.15500001,0.14800001,0.14800001,0.14900001,0.14700001,0.13900001,0.15500001,0.15600001,0.14400001,0.13800001,0.13700001,0.13500001
12.73000057,12.97700058,12.97500058,13.26600059,14.13400063,13.63300061,13.3380006,12.13700054,13.96600062,13.66800061,12.03600054,13.00500058,13.11900059,13.4310006,13.22700059,13.21400059,13.25300059,12.90800058,13.19600059,13.97100062,12.54300056,12.74300057,12.93000058,13.09900059
0.24000001,0.30400001,0.19100001,0.25100001,0.22100001,0.21800001,0.27800001,0.26900001,0.31200001,0.29400001,0.21300001,0.23900001,0.25600001,0.30700001,0.27900001,0.28800001,0.22600001,0.24200001,0.22500001,0.25400001,0.27500001,0.27700001,0.22800001,0.24600001
1.29000006,1.26400006,1.22000005,1.20700005,1.23200006,1.24900006,1.25700006,1.20500005,1.43700006,1.34000006,1.16700005,1.22300005,1.27500006,1.35900006,1.27500006,1.24400006,1.19500005,1.18400005,1.28700006,1.39900006,1.21500005,1.26200006,1.20700005,1.26400006
0.58000003,0.63700003,0.47200002,0.51300002,0.53700002,0.51200002,0.53900002,0.55200002,0.68400003,0.65600003,0.42200002,0.60700003,0.65900003,0.59300003,0.59200003,0.59600003,0.49600002,0.46500002,0.57200003,0.55600002,0.44600002,0.46500002,0.46200002,0.55900002
0.94800004,0.95400004,0.85500004,0.92700004,0.95300004,0.94600004,0.89900004,0.86400004,1.03100005,0.96400004,0.91900004,0.90400004,0.98800004,1.01900005,0.89900004,0.95300004,0.96300004,0.89100004,1.00600004,1.03200005,0.99300004,0.92600004,0.96500004,0.92000004
0.077,0.091,0.068,0.079,0.078,0.071,0.077,0.075,0.09,0.091,0.069,0.079,0.082,0.091,0.087,0.086,0.085,0.071,0.08,0.078,0.065,0.067,0.07,0.086
25.26400113,24.86700111,25.85200116,26.22300117,27.73300124,26.17100117,26.9360012,25.02200112,25.57600114,25.49500114,26.41000118,22.96300103,24.93400111,24.38100109,23.50400105,24.14100108,28.38700127,27.03500121,26.9510012,28.83800129,28.68400128,26.8050012,27.49000123,24.83500111
0.16700001,0.13200001,0.17300001,0.16400001,0.17600001,0.18600001,0.14800001,0.14700001,0.18900001,0.17600001,0.15200001,0.13300001,0.17700001,0.18200001,0.14300001,0.14900001,0.15300001,0.14500001,0.19000001,0.18700001,0.18300001,0.15500001,0.15600001,0.18900001
5.18600023,5.39300024,5.94700027,6.7130003,6.53000029,6.98300031,6.40200029,5.01900022,5.31100024,5.68700025,5.53400025,4.64000021,5.37200024,5.11100023,5.65500025,5.60900025,6.02600027,5.83600026,5.55300025,5.79200026,5.65400025,5.67300025,5.79800026,5.55400025
3.52000016,3.30300015,3.44700015,3.33600015,3.46000015,3.39400015,3.34100015,3.26100015,3.62300016,3.36300015,3.09400014,3.00800013,3.53700016,3.45700015,3.32700015,3.28700015,3.36700015,3.33700015,3.53400016,3.47900016,3.16600014,3.26300015,3.21500014,3.31000015
0.24300001,0.19500001,0.27600001,0.25400001,0.25900001,0.25800001,0.25200001,0.21500001,0.26700001,0.25700001,0.22300001,0.19300001,0.23900001,0.24000001,0.22200001,0.22500001,0.24200001,0.24100001,0.23000001,0.24200001,0.22800001,0.24000001,0.27400001,0.24400001
3.64700016,3.48900016,3.63800016,3.61600016,3.81300017,3.81400017,3.60300016,3.52100016,3.84000017,3.77100017,3.55900016,3.55100016,3.77700017,3.75700017,3.61500016,3.61100016,3.47600016,3.44300015,3.76200017,3.75900017,3.41100015,3.50700016,3.52800016,3.52300016
0.98800004,1.12600005,1.03700005,1.04900005,1.03600005,1.06600005,1.02200005,0.88500004,1.10200005,1.13700005,0.96100004,0.85500004,1.11400005,1.10700005,1.09500005,1.10200005,1.02500005,1.00600004,1.10600005,1.07000005,0.92000004,0.97700004,0.96800004,1.07300005
10.83200048,11.1190005,10.98200049,11.2150005,11.77900053,11.64200052,11.0920005,9.54700043,11.31800051,11.1330005,9.94400044,10.92600049,10.68800048,10.86200049,10.59700047,10.65000048,10.61100047,10.49200047,10.86900049,11.58100052,10.47100047,10.59900047,10.91700049,10.79100048
5.95100027,5.33300024,6.40400029,5.75300026,6.14300027,5.72200026,6.02400027,5.85100026,6.03200027,6.28800028,5.21500023,5.01900022,6.06000027,5.98200027,5.73300026,5.96900027,5.75600026,5.25800024,5.97600027,6.30800028,5.48500025,5.17900023,5.51000025,5.45900024
1.73000008,1.66400007,1.73300008,1.68900008,1.78900008,1.72500008,1.70700008,1.59900007,1.75900008,1.80000008,1.65300007,1.65900007,1.78900008,1.74500008,1.73400008,1.72200008,1.65100007,1.60700007,1.80200008,1.81300008,1.66600007,1.62700007,1.66800007,1.60500007
0.40100002,0.36000002,0.44800002,0.45500002,0.42900002,0.45500002,0.43600002,0.38400002,0.40600002,0.44200002,0.42400002,0.46100002,0.43000002,0.42700002,0.40000002,0.40100002,0.41900002,0.43400002,0.40400002,0.48500002,0.45400002,0.45300002,0.46400002,0.42100002
0.77400003,0.58600003,0.68300003,0.64300003,0.69700003,0.68000003,0.71400003,0.69700003,0.76500003,0.71300003,0.63800003,0.73900003,0.71800003,0.76300003,0.68000003,0.66700003,0.68900003,0.63700003,0.74700003,0.69900003,0.64000003,0.67600003,0.64100003,0.69900003
2.53000011,2.53600011,2.47300011,2.60700012,2.66100012,2.53100011,2.67100012,2.2710001,2.58000012,2.55700011,2.55200011,2.55500011,2.57100011,2.51000011,2.50700011,2.51200011,2.61400012,2.54600011,2.43400011,2.78200012,2.58600012,2.44400011,2.59500012,2.55400011
0.23900001,0.22100001,0.23200001,0.22700001,0.26900001,0.24300001,0.24500001,0.23400001,0.24300001,0.23800001,0.20600001,0.21600001,0.25400001,0.26000001,0.23400001,0.23900001,0.22800001,0.23800001,0.23900001,0.27800001,0.22100001,0.23000001,0.23200001,0.24500001
0.18900001,0.22100001,0.20400001,0.23400001,0.24400001,0.21600001,0.22200001,0.19100001,0.22400001,0.20200001,0.19100001,0.20200001,0.22800001,0.20200001,0.21500001,0.21400001,0.21200001,0.21800001,0.23300001,0.21600001,0.21200001,0.22500001,0.22200001,0.21200001
5.33000024,5.27600024,5.49700025,5.39300024,5.50600025,5.41300024,5.59800025,4.78700021,5.57600025,5.15700023,5.03500023,4.85300022,5.27000024,5.07100023,5.07400023,5.04200023,5.30100024,5.36400024,5.33500024,5.66200025,5.06900023,5.20000023,5.25300023,5.24800023
2.3190001,2.2970001,2.04700009,2.2180001,2.1950001,2.2380001,2.1700001,2.06700009,2.42000011,2.2990001,2.06500009,1.88100008,1.92700009,2.02500009,1.99300009,2.01800009,2.08800009,2.05800009,2.2450001,2.11000009,2.07000009,2.08500009,2.10600009,2.08700009
0.28000001,0.24200001,0.27200001,0.27300001,0.24800001,0.28800001,0.25400001,0.21500001,0.28500001,0.24600001,0.21300001,0.21600001,0.27500001,0.27300001,0.27600001,0.27700001,0.26800001,0.22500001,0.26200001,0.25400001,0.22100001,0.23900001,0.24500001,0.25200001
0.24800001,0.27700001,0.21100001,0.25100001,0.22700001,0.24100001,0.22900001,0.24100001,0.25800001,0.22300001,0.21700001,0.21900001,0.26300001,0.26900001,0.22800001,0.23100001,0.24600001,0.23200001,0.29100001,0.25200001,0.23300001,0.23800001,0.24100001,0.24600001
0.37700002,0.40600002,0.32200001,0.36800002,0.35500002,0.36800002,0.33300001,0.33600002,0.38000002,0.34800002,0.32600001,0.28300001,0.35900002,0.36000002,0.39400002,0.38500002,0.37000002,0.36800002,0.34600002,0.37800002,0.35400002,0.35700002,0.37000002,0.36700002
1.09300005,0.98400004,1.20000005,1.16000005,1.17000005,1.16500005,1.14700005,1.06300005,1.13000005,1.12100005,1.07300005,0.93400004,1.11800005,1.11600005,1.04700005,1.04400005,1.07900005,1.13700005,1.12800005,1.18500005,1.08000005,1.07300005,1.11000005,1.12100005
1.33000006,1.36100006,1.31300006,1.37700006,1.34700006,1.35100006,1.34400006,1.17200005,1.40100006,1.42800006,1.23100006,1.22400005,1.28200006,1.24800006,1.32800006,1.34200006,1.34700006,1.32000006,1.40800006,1.36300006,1.28900006,1.28900006,1.31000006,1.30800006
0.088,0.081,0.093,0.09,0.076,0.077,0.092,0.089,0.079,0.09,0.08,0.091,0.101,0.079,0.085,0.085,0.083,0.089,0.093,0.089,0.094,0.077,0.094,0.084
1.29100006,1.49600007,1.44800006,1.41500006,1.33000006,1.40500006,1.35100006,1.20700005,1.33800006,1.37400006,1.32300006,1.34000006,1.38000006,1.33100006,1.38300006,1.39600006,1.32100006,1.44800006,1.30700006,1.32000006,1.33700006,1.25600006,1.38000006,1.32500006
5.23300023,5.10600023,5.52800025,5.60500025,5.40200024,5.55700025,5.71900026,4.87600022,5.24600023,5.04600023,4.84200022,5.15400023,5.30700024,5.15400023,5.38700024,5.44300024,5.35200024,5.33900024,5.02800022,5.80800026,5.34300024,5.34100024,5.56000025,5.37900024
2.78400012,3.00600013,2.91300013,2.90800013,2.80200013,2.84200013,2.88900013,2.68000012,2.64500012,2.80700013,2.67700012,2.80000013,3.06900014,2.99300013,2.83800013,2.82800013,2.94000013,2.82800013,2.91500013,2.99200013,2.63800012,2.78400012,2.80400013,2.94400013
0.48700002,0.50100002,0.58200003,0.56300003,0.55600002,0.57100003,0.56300003,0.51900002,0.54200002,0.60500003,0.48800002,0.47400002,0.52600002,0.50500002,0.51600002,0.51900002,0.51600002,0.50900002,0.47900002,0.58600003,0.52000002,0.52700002,0.51700002,0.53400002
0.073,0.086,0.088,0.087,0.077,0.098,0.091,0.06,0.084,0.09,0.075,0.083,0.093,0.084,0.091,0.092,0.09,0.093,0.087,0.077,0.082,0.074,0.076,0.081
1.40700006,1.44600006,1.49400007,1.58400007,1.55300007,1.57800007,1.50000007,1.37000006,1.59700007,1.46300007,1.37100006,1.50800007,1.58700007,1.53200007,1.52000007,1.52200007,1.51700007,1.54900007,1.53800007,1.56500007,1.47900007,1.49000007,1.50600007,1.57100007
0.17400001,0.14900001,0.20800001,0.17900001,0.17300001,0.17000001,0.18200001,0.13500001,0.19900001,0.16800001,0.16500001,0.15700001,0.15600001,0.13800001,0.16700001,0.17200001,0.18200001,0.17500001,0.19200001,0.18200001,0.17900001,0.16100001,0.18700001,0.19000001
0.18800001,0.19900001,0.19300001,0.19800001,0.18200001,0.18600001,0.19900001,0.20100001,0.24400001,0.18300001,0.18000001,0.22800001,0.18900001,0.20400001,0.18700001,0.17700001,0.17900001,0.20300001,0.19200001,0.18600001,0.19400001,0.20800001,0.18100001,0.17600001
0.18900001,0.16600001,0.16500001,0.18000001,0.15300001,0.16700001,0.16700001,0.19400001,0.21500001,0.18000001,0.15000001,0.15400001,0.16800001,0.21100001,0.16700001,0.16800001,0.15800001,0.18100001,0.15600001,0.15500001,0.18900001,0.18500001,0.18700001,0.17100001
3.06600014,3.42500015,3.13600014,3.28300015,3.48500016,3.32000015,3.67000016,3.21900014,3.84400017,3.30200015,3.53400016,2.85900013,3.75200017,3.52500016,3.51700016,3.52600016,3.52600016,2.98600013,2.84800013,4.03100018,3.36800015,3.21000014,3.65300016,2.80600013
0.12200001,0.14200001,0.14600001,0.14700001,0.15600001,0.13400001,0.15500001,0.11800001,0.16300001,0.13400001,0.12600001,0.13700001,0.12700001,0.13100001,0.15400001,0.14900001,0.15400001,0.13900001,0.14100001,0.15000001,0.16000001,0.16600001,0.15300001,0.15100001
22.91000102,23.62100106,21.41100096,21.58600096,21.90300098,21.55300096,21.57900096,24.11300108,25.31100113,24.6970011,21.36900096,22.09100099,24.22700108,23.15400104,24.17500108,24.22000108,21.71700097,21.64900097,23.33600104,22.61800101,21.71700097,21.51800096,22.16100099,22.03200098
0.32200001,0.38300002,0.34000002,0.35100002,0.35400002,0.34200002,0.35700002,0.32700001,0.39900002,0.31300001,0.33200001,0.37000002,0.33200001,0.33100001,0.33500001,0.34400002,0.35700002,0.35600002,0.37000002,0.37400002,0.35100002,0.35200002,0.37700002,0.32000001
0.24600001,0.26000001,0.23500001,0.26800001,0.27700001,0.26300001,0.26700001,0.25800001,0.29800001,0.23300001,0.24800001,0.22200001,0.28100001,0.25800001,0.24500001,0.25100001,0.26500001,0.28000001,0.27700001,0.27600001,0.27000001,0.26100001,0.27000001,0.25100001
0.05,0.044,0.049,0.056,0.055,0.051,0.056,0.045,0.054,0.038,0.052,0.045,0.051,0.045,0.055,0.047,0.051,0.054,0.049,0.051,0.048,0.044,0.055,0.051
0.54300002,0.53200002,0.55800002,0.57200003,0.55500002,0.55500002,0.52700002,0.53700002,0.60800003,0.54300002,0.51300002,0.44400002,0.57700003,0.55000002,0.53100002,0.53200002,0.55100002,0.55100002,0.55700002,0.54800002,0.54100002,0.52700002,0.57300003,0.53700002
0.064,0.065,0.069,0.08,0.076,0.083,0.078,0.071,0.071,0.068,0.077,0.052,0.086,0.066,0.072,0.072,0.075,0.065,0.067,0.076,0.07,0.074,0.071,0.065
0.17800001,0.15900001,0.17700001,0.18000001,0.18600001,0.18400001,0.20200001,0.17200001,0.21300001,0.18400001,0.18200001,0.22100001,0.18200001,0.19000001,0.18000001,0.18200001,0.17100001,0.17800001,0.19600001,0.18200001,0.18100001,0.19100001,0.18400001,0.17700001
0.20100001,0.19400001,0.19600001,0.20100001,0.18100001,0.19100001,0.18900001,0.17900001,0.19900001,0.17700001,0.17800001,0.11800001,0.18400001,0.18300001,0.19100001,0.19900001,0.18800001,0.18600001,0.19800001,0.20800001,0.18800001,0.18100001,0.18400001,0.17400001
1.48000007,1.80300008,1.77600008,1.75800008,1.80300008,1.73700008,2.08100009,1.70400008,1.96000009,1.65100007,1.70600008,1.26800006,1.93000009,1.85400008,1.78500008,1.73800008,1.72800008,1.54900007,1.47100007,1.98600009,1.91000009,1.62900007,1.96800009,1.78500008
0.99600004,1.02700005,1.04900005,1.05100005,1.08700005,0.98100004,1.10000005,1.00500004,1.16100005,0.96400004,1.03000005,0.94300004,1.06900005,1.04900005,0.97000004,0.97300004,1.06300005,0.93900004,1.04300005,1.18800005,1.06800005,1.04900005,1.13400005,0.94900004
0.076,0.073,0.061,0.066,0.07,0.054,0.063,0.056,0.068,0.057,0.059,0.043,0.055,0.056,0.065,0.063,0.058,0.049,0.067,0.056,0.064,0.066,0.07,0.061
0.034,0.034,0.043,0.048,0.048,0.044,0.046,0.028,0.044,0.036,0.044,0.035,0.054,0.043,0.045,0.044,0.046,0.038,0.036,0.042,0.036,0.039,0.043,0.034
0.078,0.072,0.084,0.083,0.083,0.083,0.082,0.077,0.085,0.08,0.081,0.064,0.089,0.069,0.08,0.082,0.077,0.071,0.074,0.081,0.073,0.072,0.081,0.081
2.69900012,2.70800012,2.86600013,2.96400013,3.03000014,2.83000013,3.06600014,2.59500012,2.92500013,2.72700012,2.80700013,2.35500011,2.89200013,2.83700013,2.81600013,2.85400013,2.94800013,2.69500012,2.84500013,2.92100013,2.83100013,2.78700012,2.93800013,2.74000012
0.29500001,0.33600002,0.33200001,0.29000001,0.31000001,0.26300001,0.30200001,0.26200001,0.32600001,0.27500001,0.29600001,0.29100001,0.29300001,0.30200001,0.31100001,0.28900001,0.31400001,0.27600001,0.36200002,0.33100001,0.31900001,0.30000001,0.35600002,0.28900001
0.18800001,0.19800001,0.21400001,0.21900001,0.19900001,0.22200001,0.21500001,0.17900001,0.20700001,0.20500001,0.19700001,0.16200001,0.22500001,0.18600001,0.20100001,0.21500001,0.20000001,0.19000001,0.20700001,0.19900001,0.19700001,0.18800001,0.20400001,0.19700001
0.89900004,0.87800004,0.97400004,0.95100004,0.98400004,0.97300004,0.97100004,0.84500004,0.94200004,0.89500004,0.92400004,0.71200003,0.92300004,0.90200004,0.89500004,0.88600004,0.92100004,0.97400004,0.83000004,0.99900004,0.92700004,0.92300004,0.99400004,0.93300004
0.019,0.022,0.024,0.021,0.026,0.02,0.025,0.02,0.025,0.025,0.024,0.015,0.021,0.022,0.021,0.02,0.022,0.021,0.018,0.027,0.021,0.024,0.022,0.02
0.44300002,0.48300002,0.45800002,0.48300002,0.45400002,0.52500002,0.52100002,0.44500002,0.53700002,0.55000002,0.46900002,0.35200002,0.52700002,0.45700002,0.50400002,0.51600002,0.49500002,0.47700002,0.51600002,0.50200002,0.53900002,0.46500002,0.47600002,0.41700002
0.88300004,0.96900004,0.89400004,1.21100005,1.10100005,0.98200004,1.06800005,0.88900004,1.10400005,1.00800005,0.96000004,0.73100003,0.96700004,0.98400004,0.95400004,0.96500004,1.09500005,0.91400004,0.89100004,0.99600004,0.99900004,0.96600004,1.01100005,0.89300004
0.35300002,0.36200002,0.37500002,0.37300002,0.36200002,0.34400002,0.38400002,0.34200002,0.36400002,0.37400002,0.35200002,0.24700001,0.37000002,0.38700002,0.33900002,0.31900001,0.40800002,0.32100001,0.32000001,0.37600002,0.35700002,0.36000002,0.32100001,0.30000001
1.09500005,0.87100004,0.98900004,1.05400005,1.10100005,0.95200004,1.19300005,1.08500005,1.23900006,1.06100005,1.01000005,0.57200003,1.16900005,1.21800005,1.10400005,1.08400005,1.03800005,0.92400004,0.93100004,1.14400005,1.08700005,1.08600005,1.09700005,1.05600005
1.27500006,1.23100006,1.46900007,1.46700007,1.55300007,1.32900006,1.69300008,1.45200006,1.66100007,1.40100006,1.43800006,0.95800004,1.62500007,1.53400007,1.52300007,1.51900007,1.49100007,1.29600006,1.37700006,1.58800007,1.47500007,1.48700007,1.55000007,1.34700006
1.45400006,2.47300011,1.85600008,1.87700008,1.96100009,2.1410001,2.36700011,2.1470001,2.41800011,2.1610001,2.1380001,1.30300006,2.3150001,2.3090001,2.2000001,2.1720001,2.2300001,1.63100007,1.30000006,2.44000011,2.2500001,1.93600009,2.3080001,1.80600008
1.25000006,1.26400006,1.31100006,1.27700006,1.28200006,1.25600006,1.31000006,1.07600005,1.30500006,1.20500005,1.11400005,1.03400005,1.26900006,1.25100006,1.22600005,1.24100006,1.18800005,1.18500005,1.26600006,1.32000006,1.13300005,1.18200005,1.20000005,1.16100005
3.59900016,4.11400018,4.27200019,3.91500018,4.4990002,3.56200016,5.01000022,4.4800002,5.12300023,4.28200019,4.23200019,2.47700011,5.12400023,5.21300023,4.91900022,4.61700021,3.98800018,3.37200015,2.88000013,4.97400022,4.67200021,3.82500017,4.64500021,3.52200016
0.18600001,0.31900001,0.28500001,0.27100001,0.30400001,0.30100001,0.26900001,0.22400001,0.31900001,0.20000001,0.28500001,0.25300001,0.27600001,0.29500001,0.26500001,0.25500001,0.30000001,0.23300001,0.23300001,0.33000001,0.24500001,0.23700001,0.26100001,0.23300001
0.66100003,0.61800003,0.72900003,0.71800003,0.69500003,0.69000003,0.73000003,0.59500003,0.64100003,0.67000003,0.69600003,0.65100003,0.63900003,0.66600003,0.64300003,0.63600003,0.71800003,0.68800003,0.65400003,0.71900003,0.68600003,0.70700003,0.70900003,0.68300003
1.17600005,1.22700005,1.40900006,1.32800006,1.53600007,1.41100006,1.46100007,1.28400006,1.30900006,1.31000006,1.22400005,1.02600005,1.25200006,1.22600005,1.31800006,1.41300006,1.41400006,1.18000005,1.27100006,1.33800006,1.23100006,1.33300006,1.36900006,1.14800005
1.19700005,1.13300005,1.25000006,1.23600006,1.29500006,1.38900006,1.18400005,1.05200005,1.33100006,1.26100006,1.11100005,1.10200005,1.21900005,1.16900005,1.25500006,1.26300006,1.20100005,1.22800005,1.20600005,1.28200006,1.21000005,1.19100005,1.26100006,1.19600005
8.03300036,9.0430004,9.45400042,9.49700042,9.25400041,9.92100044,9.73300044,7.71600034,9.67900043,9.26800041,7.93900035,10.44600047,10.20500046,9.41800042,9.15600041,9.25500041,9.24600041,9.23600041,9.28400042,9.26000041,8.63200039,8.9650004,8.64300039,8.9220004
0.22500001,0.23200001,0.25600001,0.27300001,0.26300001,0.28300001,0.26400001,0.21700001,0.23900001,0.24900001,0.26000001,0.21200001,0.26100001,0.22900001,0.22800001,0.23800001,0.25100001,0.27300001,0.23700001,0.28100001,0.27000001,0.24400001,0.28400001,0.25600001
0.51400002,0.48800002,0.54300002,0.53000002,0.46900002,0.52300002,0.48200002,0.48300002,0.52100002,0.55000002,0.46700002,0.49200002,0.49100002,0.49800002,0.53600002,0.51100002,0.55200002,0.49400002,0.49900002,0.51700002,0.52400002,0.50800002,0.52700002,0.52400002
0.47500002,0.58200003,0.59200003,0.60500003,0.49000002,0.59100003,0.60100003,0.51100002,0.58400003,0.53900002,0.52300002,0.60900003,0.62800003,0.57000003,0.57600003,0.59200003,0.55000002,0.57400003,0.58200003,0.54900002,0.52200002,0.55400002,0.52600002,0.59200003
0.80600004,0.74700003,0.76400003,0.86100004,0.82000004,0.89800004,0.98700004,0.80600004,0.87800004,0.78000003,0.88200004,0.65900003,0.82800004,0.80600004,0.72100003,0.74800003,0.87700004,0.93000004,0.80900004,0.84600004,1.24500006,1.00600004,0.94900004,0.66000003
0.051,0.056,0.054,0.061,0.065,0.07,0.053,0.051,0.058,0.073,0.056,0.041,0.064,0.043,0.063,0.055,0.054,0.065,0.057,0.054,0.055,0.054,0.053,0.063
1.84800008,1.86700008,2.07300009,2.08800009,1.92700009,2.10100009,2.04200009,1.78000008,2.10800009,1.99800009,1.82000008,1.65900007,1.84700008,1.94500009,1.93800009,1.94700009,2.01800009,2.01000009,2.03900009,1.91600009,1.98000009,1.94400009,2.03800009,2.03500009
0.049,0.044,0.054,0.048,0.047,0.054,0.044,0.04,0.057,0.059,0.044,0.045,0.043,0.042,0.044,0.046,0.046,0.051,0.052,0.051,0.052,0.055,0.06,0.053
0.22500001,0.18900001,0.23000001,0.20900001,0.20900001,0.21900001,0.21900001,0.19100001,0.23800001,0.21200001,0.18600001,0.22100001,0.22100001,0.22200001,0.20400001,0.20100001,0.20400001,0.22500001,0.18500001,0.22900001,0.21000001,0.21600001,0.22200001,0.21800001
0.063,0.064,0.077,0.079,0.075,0.072,0.078,0.055,0.069,0.055,0.071,0.07,0.065,0.057,0.062,0.068,0.068,0.063,0.062,0.063,0.066,0.064,0.064,0.066
0.045,0.027,0.046,0.039,0.05,0.039,0.038,0.045,0.042,0.041,0.043,0.04,0.04,0.047,0.04,0.041,0.043,0.046,0.046,0.054,0.047,0.041,0.041,0.046
0.087,0.09,0.084,0.095,0.098,0.097,0.093,0.083,0.106,0.095,0.088,0.087,0.091,0.107,0.107,0.103,0.1,0.087,0.094,0.11,0.091,0.094,0.087,0.105
0.90400004,0.95700004,1.08300005,1.03700005,1.03600005,1.06300005,1.04300005,0.92200004,0.96900004,1.04200005,0.89600004,0.88200004,1.00100004,0.95300004,0.90400004,0.89700004,0.99000004,1.03800005,0.95200004,1.03600005,0.99700004,0.97600004,1.06900005,0.99100004
0.42800002,0.47100002,0.45300002,0.46200002,0.45200002,0.45400002,0.44200002,0.39800002,0.49400002,0.45400002,0.39900002,0.39700002,0.47100002,0.41800002,0.44300002,0.43600002,0.39700002,0.42400002,0.44000002,0.43500002,0.43700002,0.43700002,0.43700002,0.41800002
1.23000005,1.38000006,1.28900006,1.28300006,1.33900006,1.37200006,1.58800007,1.28100006,1.55400007,1.36600006,1.31200006,1.03500005,1.57700007,1.35200006,1.36800006,1.32900006,1.38300006,1.27000006,1.31500006,1.51000007,1.57900007,1.31000006,1.36100006,1.29500006
0.54700002,0.44000002,0.41600002,0.43500002,0.46700002,0.40300002,0.53100002,0.41200002,0.52000002,0.54000002,0.39000002,0.36400002,0.52800002,0.59400003,0.48400002,0.48200002,0.40100002,0.39700002,0.51600002,0.52100002,0.41400002,0.45400002,0.45000002,0.39000002
0.104,0.13600001,0.13100001,0.11800001,0.103,0.11900001,0.12700001,0.097,0.12500001,0.11200001,0.11200001,0.08,0.11900001,0.092,0.106,0.092,0.12300001,0.111,0.103,0.11600001,0.11500001,0.108,0.12700001,0.094
0.089,0.083,0.105,0.095,0.105,0.1,0.11900001,0.094,0.11600001,0.088,0.097,0.094,0.11,0.095,0.105,0.107,0.11200001,0.094,0.101,0.11800001,0.11400001,0.092,0.11500001,0.096
0.068,0.074,0.062,0.086,0.085,0.07,0.102,0.068,0.102,0.086,0.077,0.066,0.092,0.087,0.078,0.073,0.094,0.069,0.069,0.076,0.081,0.081,0.082,0.061
0.73700003,0.89100004,0.98800004,0.81200004,1.08700005,0.77300003,1.11200005,1.06200005,1.18200005,0.83400004,1.00700005,0.67800003,1.16600005,1.17800005,1.01100005,0.91300004,0.96100004,0.75500003,0.77800003,1.19600005,1.10500005,0.86100004,1.13800005,0.77400003
0.42000002,0.50800002,0.42200002,0.41800002,0.42500002,0.37000002,0.51100002,0.56000003,0.55700002,0.62900003,0.44200002,0.31600001,0.50000002,0.60200003,0.45900002,0.43900002,0.45500002,0.34900002,0.32200001,0.55200002,0.48100002,0.37700002,0.56900003,0.38400002
0.24500001,0.25000001,0.24400001,0.27600001,0.23300001,0.26600001,0.27500001,0.22900001,0.25500001,0.23200001,0.25300001,0.19400001,0.24000001,0.25200001,0.26400001,0.25000001,0.25400001,0.25300001,0.25400001,0.26000001,0.22500001,0.24700001,0.25200001,0.27300001
0.48200002,0.48800002,0.50500002,0.55100002,0.50800002,0.51300002,0.51900002,0.45900002,0.56200003,0.48000002,0.49000002,0.43400002,0.54200002,0.51000002,0.52200002,0.51400002,0.50500002,0.47200002,0.48000002,0.52600002,0.51600002,0.53600002,0.52100002,0.48600002
0.66800003,0.78900004,0.80300004,0.83100004,0.76600003,0.84600004,0.78900004,0.68600003,0.82800004,0.72300003,0.71300003,0.60200003,0.78100003,0.73700003,0.76400003,0.74400003,0.76700003,0.74600003,0.77900003,0.79200004,0.74400003,0.75600003,0.71900003,0.68000003
0.45200002,0.46300002,0.48400002,0.52100002,0.48200002,0.52400002,0.51300002,0.40700002,0.49300002,0.43200002,0.44300002,0.42000002,0.44800002,0.42700002,0.48000002,0.46400002,0.47200002,0.46200002,0.43100002,0.54700002,0.46300002,0.45500002,0.47100002,0.50800002
0.50100002,0.53600002,0.48900002,0.44800002,0.49900002,0.51600002,0.57400003,0.48500002,0.54400002,0.50300002,0.45400002,0.38900002,0.59700003,0.51600002,0.53300002,0.54000002,0.52000002,0.50200002,0.52900002,0.50900002,0.54700002,0.46500002,0.51100002,0.44300002
5.70400025,6.03200027,5.86700026,5.65900025,5.64300025,5.60000025,5.67200025,5.70600026,6.44400029,6.03200027,5.28000024,5.59200025,6.15200028,5.82500026,6.06800027,6.01100027,5.63200025,5.54800025,6.04000027,5.75300026,5.53300025,5.57400025,5.71100026,5.55100025
3.33400015,3.30400015,3.77200017,3.62300016,4.99200022,4.94500022,4.06800018,2.61700012,3.33000015,2.90400013,2.87000013,2.99400013,3.19500014,3.15700014,3.08000014,3.11200014,3.34500015,3.32100015,3.26400015,3.98000018,3.45200015,3.33300015,3.40800015,3.14300014
0.22900001,0.20800001,0.24000001,0.23600001,0.23800001,0.24000001,0.25000001,0.22500001,0.25800001,0.23800001,0.20700001,0.22000001,0.25900001,0.23700001,0.24500001,0.26200001,0.20800001,0.21800001,0.20700001,0.22200001,0.20500001,0.22900001,0.21300001,0.21200001
0.046,0.03,0.047,0.038,0.037,0.037,0.046,0.034,0.039,0.045,0.037,0.037,0.043,0.041,0.037,0.036,0.039,0.038,0.041,0.034,0.031,0.039,0.042,0.037
0.44600002,0.49600002,0.41200002,0.45200002,0.39400002,0.43500002,0.47300002,0.44800002,0.46400002,0.46600002,0.37500002,0.50700002,0.42800002,0.47300002,0.49300002,0.48200002,0.45300002,0.41000002,0.45300002,0.42600002,0.36600002,0.41800002,0.39200002,0.47300002
0.66700003,0.61600003,0.76400003,0.81000004,0.78800004,0.77300003,0.80200004,0.65100003,0.72600003,0.64300003,0.77900003,0.73400003,0.69000003,0.71400003,0.69100003,0.65500003,0.82000004,0.81600004,0.66600003,0.87400004,0.76300003,0.75600003,0.79900004,0.77800003
0.31100001,0.29700001,0.32100001,0.37500002,0.37200002,0.34400002,0.35500002,0.31400001,0.38000002,0.31700001,0.30700001,0.40300002,0.36100002,0.38200002,0.29400001,0.30400001,0.34400002,0.34600002,0.35800002,0.33400001,0.35200002,0.38000002,0.35300002,0.33300001
0.078,0.067,0.068,0.078,0.097,0.087,0.083,0.071,0.076,0.075,0.062,0.067,0.077,0.08,0.072,0.066,0.074,0.071,0.073,0.09,0.073,0.075,0.072,0.077
0.12600001,0.093,0.099,0.11600001,0.096,0.11800001,0.096,0.089,0.11900001,0.094,0.092,0.07,0.111,0.11200001,0.12000001,0.11300001,0.107,0.094,0.104,0.096,0.094,0.092,0.11300001,0.106
0.104,0.107,0.11200001,0.11400001,0.11200001,0.111,0.104,0.102,0.11,0.104,0.098,0.083,0.11600001,0.109,0.12600001,0.11900001,0.107,0.102,0.105,0.107,0.108,0.11200001,0.093,0.109
0.55800002,0.49700002,0.52900002,0.55400002,0.51700002,0.58300003,0.48600002,0.50300002,0.53800002,0.58600003,0.44200002,0.51000002,0.57300003,0.53900002,0.54300002,0.53600002,0.49600002,0.50800002,0.49700002,0.55400002,0.51600002,0.50400002,0.50400002,0.52400002
0.106,0.12300001,0.12100001,0.13500001,0.108,0.12600001,0.11600001,0.1,0.11500001,0.12600001,0.098,0.104,0.11800001,0.12400001,0.12300001,0.13000001,0.11400001,0.12200001,0.11200001,0.11400001,0.103,0.105,0.11800001,0.12300001
0.019,0.026,0.026,0.021,0.018,0.021,0.02,0.021,0.025,0.021,0.022,0.017,0.026,0.023,0.023,0.024,0.022,0.019,0.024,0.026,0.018,0.017,0.026,0.025
0.22800001,0.22800001,0.25800001,0.24700001,0.23400001,0.21800001,0.21700001,0.24400001,0.25200001,0.22100001,0.23200001,0.24400001,0.28200001,0.21300001,0.25300001,0.25400001,0.23700001,0.22100001,0.23500001,0.26200001,0.23500001,0.22800001,0.24400001,0.21300001
0.34700002,0.35100002,0.40500002,0.44400002,0.49800002,0.51000002,0.43700002,0.37900002,0.44700002,0.37900002,0.39000002,0.43000002,0.40700002,0.40500002,0.40700002,0.37000002,0.41700002,0.45200002,0.41900002,0.55000002,0.40700002,0.41800002,0.48900002,0.39900002
0.59900003,0.80000004,0.82000004,0.82000004,0.86400004,0.66700003,0.89600004,0.74500003,0.88000004,0.76100003,0.77100003,0.54100002,0.87800004,0.91000004,0.77900003,0.75900003,0.74600003,0.61900003,0.60700003,0.88800004,0.82200004,0.71900003,0.85400004,0.74100003
0.59800003,0.51100002,0.60000003,0.62700003,0.63600003,0.61400003,0.67400003,0.56000003,0.61600003,0.60000003,0.54100002,0.52900002,0.53800002,0.60800003,0.53900002,0.57700003,0.58600003,0.60500003,0.58900003,0.63400003,0.59000003,0.57000003,0.57200003,0.60500003
0.071,0.074,0.076,0.076,0.063,0.07,0.079,0.071,0.075,0.053,0.068,0.065,0.074,0.071,0.067,0.071,0.071,0.067,0.066,0.075,0.066,0.065,0.07,0.068
0.05,0.073,0.051,0.063,0.048,0.059,0.054,0.056,0.051,0.056,0.068,0.043,0.045,0.055,0.051,0.074,0.081,0.046,0.059,0.057,0.064,0.047,0.072,0.045
0.71900003,0.64700003,0.76500003,0.76400003,0.84100004,0.81200004,0.76300003,0.65200003,0.75900003,0.70200003,0.73200003,0.67800003,0.72000003,0.75900003,0.73700003,0.73600003,0.74600003,0.70400003,0.76700003,0.89900004,0.69700003,0.70200003,0.72800003,0.74800003
476.8060213,484.9290217,484.4960217,486.9680218,507.5310227,494.5240221,503.6140225,472.9120211,524.7010235,507.4740227,471.8050211,449.5660201,507.5900227,495.5760222,496.6660222,494.6870221,492.781022,471.5280211,489.8150219,514.950023,481.0830215,477.7350214,493.2090221,467.3290209