0.00000217,0.00510741,-0.01101402,0.00751187,-0.00303703,0.00171203,0.00765195,-0.00054823,0.00051577,0.00011331,0.0052915,0.00573406,0.00345058,0.00668362,-0.00255269,-0.00187762,-0.00092343,-0.00365735,-0.00107481,0.0007514,-0.0005727,-0.00366494,0.00342825,0.00418312,0.00393674,0.00276386,0.00190031,0.00125207,0.00315026,-0.00161972,0.00886166,0.00487065,0.00078002,-0.00116383,0.00364201,0.00458764,-0.00075721,0.00279635,-0.00345479,-0.00019461,0.00044678,-0.00718703,-0.00270476,0.00543823,0.00402959,-0.001337,-0.00087899,-0.00272563,-0.00528495,-0.00586424,-0.00382071,-0.00085245,-0.01419639,0.00028413,0.00349659,0.0029928,0.01054169,-0.00054701,-0.00239482,-0.00071179,0.00297153,0.00532273,0.00176526,0.00627848,0.00235124,-0.00128964,-0.0015137,0.00830477,0.00119737,0.00305449,-0.0067289,0.00612353,-0.00017553,0.00050183,-0.00028792,0.00569604,0.00319381,0.00043087,0.00008029,-0.00456172,-0.00127052,-0.00385615,0.00249534,0.01205619,0.00279113,0.00294907,-0.00150123,-0.00241762,-0.0143274,-0.00092445,0.0256805,-0.00014427,0.00563738,0.00585645,0.00233068,0.01608573,-0.00436648,-0.00627045,0.0004974,0.00531854,-0.00647063,-0.01721353,0.01279577,0.00243462,-0.00343598,0.00120887,0.00025991,-0.00035591,0.01067514,0.00231571,0.00205624,-0.00339445,0.00184019,-0.00144315,0.00067506,0.00007619,0.0000118,0.00265621,-0.00592605,-0.00253427,-0.0015485,-0.00826107,-0.00086797,0.00133805,-0.00689775,-0.00199338,0.0002101,-0.00180078,-0.00100489,-0.01620064,-0.01053796,-0.00223498,0.0027677,-0.00403146,-0.00598246,0.00089704,0.00078552,-0.01478685,-0.00294303,-0.00337663,-0.00384948,-0.00012696,-0.00909591,-0.01019917,-0.00663907,-0.00399552,-0.01102018,-0.00793856,0.01907533,-0.00471475,-0.00373982,0.00634864,0.01332894,-0.00655448,0.0037852,-0.00835011,-0.00409309,-0.01162334,-0.00673775,-0.00455703,0.01349072,0.01201819,0.00386373,0.00624533,-0.00304248,0.00314089,-0.0031648,0.00058385,-0.01482182,0.00940171,-0.00472133,0.00408663,0.00707743,-0.00202095,-0.00159,-0.00069005,0.00572177,0.00612935,0.00135438,-0.00038365,-0.00438231,-0.00270921,-0.00074165,-0.00364448,-0.00314184,-0.00066483,-0.0009869,0.00083654,-0.00463319,-0.00215815,0.00397704,0.00220541,0.00447862,0.00402154,0.00526704,-0.00224753,0.01138749,0.00228774,0.00168795,-0.0014171,0.00043834,-0.00270403,-0.00078676,0.00458232,-0.00428957,0.00143172,0.00135947,-0.00475329,-0.00117374,0.00353452,-0.00050255,-0.00160525,-0.00247746,-0.00344087,-0.00871032,-0.00382844,-0.0080696,-0.0004191,-0.01771981,0.00047346,0.0043562,0.00369833,0.00965997,-0.00016305,-0.00618404,0.00074409,0.00363987,0.00732063,0.00265506,0.00635829,0.00323423,-0.00168875,-0.00140337,0.01033173,0.00252829,0.00266304,-0.00740865,0.00053028,-0.0003954,0.00204854,0.00105568,0.00160574,0.00051447,0.00074937,-0.00006704,-0.00627876,-0.00120867,-0.00323861,0.00302611,0.00957041,-0.00207304,0.00008203,-0.00230607,-0.00314254,-0.01068293,0.00014046,0.03112987,0.00146802,0.01044562,0.00542222,0.00416406,0.01286956,0.00556046,-0.00700213,0.00573927,0.00485259,-0.00333768,-0.0085632,0.00150559,0.00047095,-0.00182319,0.00149636,0.00010676,0.00062362,0.00600948,-0.00093889,0.00169212,-0.00104786,0.00339443,0.00001573,-0.00006115,0.00076714,0.00124144,0.00150187,-0.00684333,-0.00329534,0.00118575,-0.00708711,0.00115122,0.00457847,-0.00585239,-0.00104422,0.00129937,0.00006857,-0.00360961,-0.0146378,-0.0077082,-0.00445001,0.00089339,-0.00085769,-0.00599721,0.00121008,0.00039667,-0.00494567,-0.00586414,0.00441699,-0.00271775,0.00063114,-0.00978667,-0.00833971,-0.00589856,-0.00428498,-0.00784668,-0.00620818,0.01681491,-0.0184178,-0.00398609,0.0090191,0.01574765,-0.00800514,0.002327,-0.00394123,-0.00225732,-0.01122366,-0.01439499,-0.01063599,0.00727227,0.01021539,0.00434919,0.00475549,-0.00074782,0.00288188,-0.00393931,-0.00001522
0.00001131,0.00081469,-0.00554173,0.00157257,0.00359543,0.00567733,0.00942625,-0.00139271,0.0038828,-0.00261326,0.00305733,0.00503954,-0.00228263,0.00639934,-0.00323512,-0.0017068,-0.00172366,-0.00227335,0.01251282,0.00086891,-0.00107693,-0.00174956,0.01030407,0.01306984,0.00165655,-0.00110866,0.00149378,-0.00208491,0.00245021,-0.00176748,0.01186248,0.01009241,0.00060546,-0.00008066,0.00242369,0.0117803,0.00337811,0.00125926,0.00056224,0.0029247,0.00593362,-0.00750017,-0.00348906,0.00306619,0.00047417,-0.00132444,0.0021066,-0.00267233,-0.00708241,-0.00662055,-0.00523114,-0.0010976,-0.01869709,-0.00041816,0.00226472,0.0036906,0.00568146,-0.00052948,-0.00277478,0.00088737,0.00310858,0.00319516,0.00398058,0.00989071,0.00084364,-0.00104855,-0.00437984,0.0090293,0.00573722,0.00243192,-0.00617325,0.00124494,-0.00120975,-0.00384759,-0.00044573,-0.00209369,-0.00151316,0.00660781,0.0004589,0.00390275,0.0028592,-0.00528789,0.00195723,0.00175443,-0.01077689,-0.00208635,0.00366347,-0.00813557,0.00149709,-0.00094695,0.02773799,-0.00052604,0.00026285,-0.00577974,0.01526844,0.00958733,-0.00303658,-0.00462538,0.0030029,0.00465433,-0.01186965,-0.00183938,0.00088346,-0.00480463,-0.00123139,0.00057361,-0.00360402,-0.00097377,0.00719274,-0.00283378,0.00104961,0.00001201,0.00121499,0.00012356,-0.0030061,0.00160118,-0.00077136,0.00007168,-0.01053289,-0.00313501,0.00202574,-0.00679947,0.00359152,-0.00130901,-0.00458469,-0.00157968,0.00007127,-0.00021177,-0.00196677,-0.01686577,-0.00160559,0.00507991,-0.00036983,-0.00084317,-0.00386977,0.00021184,0.00107056,-0.00141751,-0.00845786,0.00801437,-0.00773768,-0.00128196,-0.00459873,-0.00716992,-0.00544394,0.00217473,-0.00932541,-0.00537786,0.01561966,-0.01104948,0.00088067,-0.00300732,0.00975169,0.00215821,0.00243545,-0.00244303,-0.00422571,-0.00567049,-0.01310418,-0.01050872,0.00867605,0.01657631,0.00544127,-0.0001207,0.00221219,0.00635956,-0.00205405,0.00436389,-0.01014485,0.00316761,0.0120055,0.00114825,0.00710323,-0.00248178,0.00261745,-0.00068486,0.00618273,0.00655476,0.00643092,0.00180933,-0.000766,-0.00411517,0.00144155,-0.00324458,0.01927029,0.00227802,0.00140966,-0.00351707,0.01076673,0.00825189,-0.00049205,0.00148047,0.00529885,0.00480926,0.00352412,0.00171693,0.00928487,0.01554143,0.00004562,-0.00196746,-0.00019679,0.00113697,-0.00045776,0.00174759,-0.00547569,-0.00032803,0.00264365,-0.0037772,-0.0020086,0.00358764,0.0021038,-0.00175223,0.00297149,-0.00078629,-0.00715073,-0.00141093,-0.00492191,-0.0008732,-0.00648314,0.00110555,0.00437771,0.00384062,0.01037484,-0.00054782,0.00048483,-0.00055708,0.00186028,0.00880777,0.00225239,0.0065918,0.00291145,-0.00231834,-0.00214378,0.01129801,-0.00095071,0.00533741,-0.0069821,0.00316642,-0.00218124,-0.0031345,0.00376555,-0.00536744,0.00083961,0.00605395,-0.00265228,0.01001169,0.00093145,-0.00570229,0.0030875,0.00503459,-0.01406256,-0.00182198,-0.00090261,-0.00720621,-0.00548559,-0.00172565,0.02993402,0.00016056,-0.00269274,-0.00084678,0.00927127,0.00864265,0.00312132,-0.01242501,-0.00066803,0.00291189,-0.01041979,-0.00131668,0.00061527,0.00336222,-0.00275736,0.00174007,-0.00690174,0.00001543,0.01048866,-0.00616845,-0.00116288,-0.00168566,0.00090892,-0.00041081,-0.00199312,0.00062816,-0.00226939,-0.00063121,-0.00733334,-0.00326823,-0.00924466,-0.00841007,0.00225405,0.0007192,-0.00580793,0.00213905,-0.00255112,-0.00061465,-0.00475065,-0.01719562,-0.01020914,-0.00002022,0.00381271,-0.00075874,-0.00661767,0.0000556,0.00032016,-0.0036853,-0.00964596,-0.0024642,-0.00890379,-0.00209164,-0.00435056,-0.00752796,-0.0093339,-0.00208806,-0.00764946,-0.0059143,0.01375179,-0.00480452,-0.00802806,0.00305779,0.01391485,-0.00378637,0.0023318,-0.01298077,-0.00154787,-0.00201297,-0.01381242,-0.01523235,0.00515162,0.01961302,0.00214227,0.00050602,0.00347356,0.00439773,-0.00382837,-0.00047178
-0.00000207,0.00889342,-0.00945127,0.00498175,-0.00165912,-0.00280249,0.00604469,0.00103377,-0.00038665,-0.00326927,0.00551497,0.00230928,0.00185595,0.00007156,-0.00476984,-0.00583035,-0.00217678,-0.00664808,0.00430387,0.00222014,0.00184909,-0.00909413,0.0026033,0.00495503,-0.00044938,0.00019839,0.00113051,0.00103365,0.00469772,-0.00440268,0.01648946,0.01433444,0.00028123,-0.00190058,-0.00118946,-0.00005722,-0.00042629,0.0042431,-0.00172772,-0.002927,0.00148283,-0.00925887,-0.00227277,0.00039836,0.00155666,-0.00245636,0.00227142,0.0005141,-0.00737865,-0.00600793,-0.00649509,-0.00174359,-0.01574839,0.0010965,0.00546046,-0.00040282,-0.01084973,-0.0029996,-0.00531682,0.00032038,0.00188468,0.0092046,0.00410639,0.01034712,0.00102861,-0.00474954,-0.00244415,0.00944476,0.0023811,0.00080405,-0.00567547,0.00777299,-0.00298352,-0.00318846,0.00406034,0.00044537,-0.00428574,0.00220163,-0.00015625,-0.00727359,-0.00230521,-0.00289523,-0.00000257,0.01450625,-0.00159903,-0.00162415,-0.00572749,-0.00310621,-0.01411475,0.00002116,0.01423898,-0.00183059,0.00597877,0.0099741,0.01685003,0.01573308,-0.00724591,-0.01636149,-0.00117217,0.00041058,-0.00984984,-0.01330557,-0.00197907,-0.00410803,-0.0033292,0.0041799,-0.00375724,-0.00100934,0.00451452,-0.00497126,0.00050652,-0.00177004,-0.00046035,-0.00248514,-0.00129236,-0.00314704,-0.00317512,0.00399891,-0.00754219,-0.00582877,-0.00918029,-0.00883514,0.00308142,0.00602159,-0.00344712,-0.00077215,-0.01323902,-0.00400515,-0.00737967,-0.01665003,-0.00755799,0.00594959,0.00083353,-0.00630069,-0.01169828,-0.00091761,-0.00012516,-0.01501913,-0.00355476,-0.00338965,-0.00620736,-0.00155063,-0.00989472,-0.01327409,-0.01519774,-0.00884765,-0.00780174,-0.0062474,0.0162593,-0.00782301,-0.00854155,-0.00224496,0.00951347,-0.00060371,-0.01403943,-0.0020805,-0.00347468,-0.00882125,-0.01381418,-0.00813545,0.00595487,0.00403664,-0.0006573,0.00693915,-0.00200478,-0.00230158,-0.0049045,0.00687896,-0.01433932,0.00449981,0.00040243,-0.00209591,0.00019599,0.00018958,-0.00116701,0.00043853,-0.00024631,-0.00229706,-0.0010244,-0.00436772,-0.00287584,-0.00529659,-0.00315786,-0.0047591,0.00100068,0.00064406,-0.00077003,-0.00605047,0.00016309,-0.00603309,-0.00446412,-0.0010471,0.00264057,0.00324843,0.00128531,-0.00249763,0.01374726,0.00577051,-0.00053311,-0.00299593,-0.00195986,-0.007314,-0.00193169,0.00000835,-0.00321947,0.00225605,0.00341,-0.00776964,-0.00156605,0.00414216,0.00340734,-0.00560553,0.00142628,-0.00336515,-0.00718322,-0.00612215,-0.00765512,-0.00248821,-0.01534262,-0.00084157,0.00854383,0.00056243,0.00620084,-0.00282119,-0.0032818,-0.00018433,0.00191275,0.0100637,0.00367045,0.00638013,0.00258803,-0.00343963,-0.00375691,0.0114668,0.00355548,0.0042527,-0.00286997,-0.0013651,-0.0018749,-0.00382431,-0.00151911,-0.00412645,-0.00369955,-0.00285852,-0.00111913,-0.00524428,-0.00182249,-0.00364781,0.00169562,0.00710759,-0.0060774,-0.0026292,-0.00565791,-0.00522999,-0.00658305,0.00016672,0.01638458,-0.00162123,0.0137292,0.01083478,0.01461309,0.01551806,0.00333625,-0.01466553,0.00166539,-0.00121101,-0.00848962,-0.00788872,-0.00667092,-0.00648058,-0.00233719,0.00812988,-0.00401145,0.00183351,0.00893034,-0.00578953,0.00083102,-0.00155297,0.00124051,-0.00117483,-0.00117507,0.00177653,-0.00388828,0.00717995,-0.00712082,-0.00522946,-0.00062226,-0.01006214,0.00216123,0.00288707,-0.00193089,-0.0002341,-0.00934943,-0.00234355,-0.00557664,-0.01776736,-0.00612224,-0.00572953,-0.0006406,0.00052507,-0.01452508,-0.00147805,-0.00037992,-0.00337734,-0.01163859,0.00078136,-0.00757056,-0.00425994,-0.01585019,-0.00547807,-0.00895917,-0.00400015,-0.01103245,-0.00372839,0.01183229,-0.01201557,-0.00471568,0.00288959,0.01205496,-0.00348779,-0.00651014,0.00025568,-0.00124922,-0.00793887,-0.0175333,-0.01580173,0.0087487,0.00109481,0.00022824,0.00297839,0.00112107,-0.00572422,-0.0059814,-0.0015407
-0.00000663,-0.00371402,-0.01272773,0.00683095,-0.00204575,0.00004501,0.00721119,-0.00194968,0.00111421,-0.00523388,0.00445316,0.00314254,-0.00120346,0.00391205,-0.00420614,-0.00359339,-0.00072155,-0.00388438,-0.00041546,-0.00041333,-0.00038244,-0.01270278,0.00248782,0.00244678,0.00106786,-0.00130527,0.00211954,0.00065117,0.00093789,-0.00270996,0.00709255,0.00725606,0.00021381,-0.00192029,-0.00073363,-0.00435477,-0.00103661,0.0006864,-0.00293876,-0.0022515,0.00112325,-0.00771889,-0.0014519,0.00199776,-0.00050255,-0.00207242,0.0011028,0.00066758,-0.00743674,-0.00290764,-0.01180828,-0.0026769,-0.00768835,0.00009053,0.0025818,0.0006902,-0.00202818,-0.00242962,-0.00209333,-0.0003585,0.00233088,0.00668769,0.00550441,0.01158382,0.00019284,-0.00404373,-0.00749555,0.00528817,0.00236053,-0.00160407,-0.00190947,0.00018031,-0.00300633,-0.00266075,0.00522909,-0.0004898,-0.00515321,0.00265593,-0.00151852,-0.01421665,-0.0012415,-0.0029897,-0.00189737,-0.00066534,-0.00642981,-0.00150271,0.00648896,-0.00466519,-0.01040786,-0.0010124,0.00984417,-0.00113008,0.0030314,0.00827636,0.01302255,0.01449177,-0.00488836,-0.0106638,-0.00079281,0.00143908,-0.00704169,-0.00482396,0.00622621,-0.00173676,-0.0035814,0.00140446,-0.00416696,0.00094471,0.009665,-0.00237123,-0.00237931,-0.00343957,0.00148999,-0.00195774,0.00012257,-0.00124359,-0.00132999,0.00948976,-0.00679795,-0.00128903,-0.00545203,-0.00619704,-0.00283721,0.0026694,-0.00954736,-0.00065038,-0.01014334,0.00073877,-0.00731545,-0.01528918,-0.0061839,-0.00085279,-0.00103034,0.00121211,-0.0132844,-0.00119231,0.0004735,-0.020902,-0.00180951,-0.00042305,-0.00643142,-0.00102395,-0.00574042,-0.0041897,-0.00471589,-0.00139426,-0.00904331,-0.00671678,0.01389939,0.00815953,0.00356496,0.00703969,0.01175652,-0.00776413,-0.0101799,-0.00099921,-0.00167315,-0.00826812,-0.01442415,-0.00684437,0.00777366,0.00073035,0.00128504,0.00397314,-0.00225491,-0.00370489,-0.00662776,-0.00146873,-0.01350961,0.01361558,-0.00080633,0.00092537,-0.00828084,-0.00305778,-0.00306681,-0.00151734,-0.00049288,-0.00328846,0.00206697,-0.00276786,-0.0056379,-0.00393252,-0.00210979,-0.00299812,-0.0110336,0.00002357,-0.00170227,-0.00876377,-0.0023112,-0.01441948,-0.00983998,-0.00275617,-0.00033876,0.00120246,0.00280062,-0.00438914,-0.00076113,-0.00855734,-0.00146274,-0.00314467,-0.00166843,-0.00292701,0.00200341,0.00307506,-0.00195819,0.0018354,0.00016611,-0.00706251,-0.00024897,0.00395737,0.00169495,-0.00217424,-0.0034536,-0.001086,-0.00405247,-0.0025555,-0.0043457,-0.00129775,-0.0017305,0.00088542,-0.00169779,0.00096532,0.00410939,-0.00158413,0.0034164,-0.00029965,-0.0005359,0.00911902,0.00146282,0.00384503,0.00251813,-0.00398988,-0.0046967,0.00724543,0.00741655,0.00280371,-0.00658182,-0.0054161,-0.00366094,-0.00560165,0.00269729,-0.00610203,0.00104676,0.00142445,-0.00071615,0.0043012,-0.00319672,-0.00280601,0.00245763,0.0053616,-0.01562187,-0.00057157,0.00950153,-0.00226582,-0.00159442,-0.00011844,0.02038965,-0.00168003,0.00872631,0.00630862,0.0142208,0.0091628,0.00613887,-0.01892759,-0.00547481,0.00100471,-0.00913497,-0.00342741,0.00244545,0.00362079,-0.00149499,0.01145691,-0.00283864,0.00119856,0.00639244,-0.00536475,-0.00257144,-0.0052796,0.00210092,-0.00002035,-0.00035313,-0.00357702,-0.00226529,0.01139175,-0.005257,-0.00162494,0.00041856,-0.00681986,-0.001599,-0.00201591,-0.0064956,-0.00013198,-0.0152293,-0.00087682,0.00190221,-0.0173556,-0.00542538,-0.00398216,0.00122713,0.00142572,-0.01165848,0.00063658,-0.00012701,-0.00344832,-0.00248879,0.00240291,-0.00643124,-0.00296529,-0.01202777,-0.00495964,-0.00516559,0.00036481,-0.01059939,-0.00246137,0.00618423,-0.00171894,-0.01139464,0.00288349,0.01423053,-0.00763637,-0.00675548,-0.00335002,-0.00863823,-0.01009796,-0.00634248,-0.00908026,0.00694699,-0.00155771,-0.00005554,0.00388978,-0.00092169,0.00090778,-0.00362071,-0.00134906
-0.00001986,0.00824139,-0.00978662,0.00314792,0.01306142,-0.00263221,0.00395781,0.00117917,-0.0050968,-0.0024468,0.00290401,0.00005514,0.00690618,-0.00579714,-0.00525819,-0.00425328,-0.00521289,-0.00481272,-0.01170366,0.00128921,-0.00124337,-0.01837794,-0.01060748,-0.00459131,-0.00146679,0.00153807,0.00342498,0.00314172,0.00493864,-0.00083751,0.00880618,0.00066881,-0.00107334,-0.00373384,0.00029154,-0.0154683,-0.00103869,0.00248907,-0.00800367,-0.00319344,-0.00215635,-0.00902669,-0.00530624,0.00010089,-0.00078099,-0.00825861,-0.00474037,-0.00011814,-0.01003811,-0.00846069,-0.01086617,-0.00679816,-0.02297328,0.00410854,0.00872887,0.00211636,-0.00279574,-0.00390676,-0.01188209,0.00108502,0.00113054,0.00763915,0.00920289,0.00691524,0.00139122,-0.00596499,-0.00854463,0.02067603,0.00178557,-0.00142999,-0.00356009,0.00184279,-0.00307351,-0.00504966,0.00183335,0.00239533,-0.01228116,-0.00169559,-0.00522719,0.00279513,-0.00382406,-0.00355631,-0.00021251,0.00573862,-0.00384311,0.00086674,-0.00717253,-0.00485513,-0.01229943,-0.00215857,0.00875328,-0.0017477,0.00635841,0.01245864,0.01169821,0.01406397,-0.0036457,-0.01098447,0.00116229,0.00055545,-0.00813604,-0.00975901,-0.00403223,-0.00209168,-0.00168582,0.00292997,0.00232412,-0.00203451,-0.00304454,-0.00428966,-0.00376515,-0.00224863,0.0002939,-0.00224299,-0.0032474,-0.00219001,-0.00277942,-0.00575295,0.00034142,-0.00405623,-0.01217008,-0.00753314,0.00572256,0.01322566,0.00187252,0.00053208,-0.01009026,0.00324874,-0.00400002,-0.01501032,-0.00519698,-0.00641913,-0.00123035,-0.00306037,-0.00938538,-0.00284036,-0.00386938,-0.01201009,-0.00367087,0.00170792,-0.00400022,-0.00230064,-0.01024664,-0.01020263,-0.01343258,-0.00855574,-0.01367268,-0.00781272,0.01056775,-0.01869255,-0.01274831,0.00350312,0.0149234,-0.00358881,-0.03043696,-0.01623357,-0.0026432,-0.01093682,-0.00784383,-0.01207431,0.01014812,-0.00579321,-0.0001991,0.00551362,-0.00599114,-0.00819216,0.00185294,0.00768596,-0.01689142,0.00451078,0.00771327,-0.00149916,-0.0026011,0.00527547,-0.00522854,-0.00005471,0.00415522,0.00072794,0.00818734,-0.00702705,-0.00151591,-0.00536528,-0.00264502,-0.00536855,-0.01141665,0.00018904,-0.00090553,-0.01315141,-0.0059166,-0.01912611,-0.0024494,0.0017067,0.00475649,0.00509265,0.00797087,0.00100912,0.01035495,-0.00375159,-0.00216012,-0.0036219,-0.00405903,-0.01009683,-0.00048201,0.00496785,-0.00190726,0.00018864,-0.0040641,-0.0083045,0.00136849,0.00224755,-0.00018732,-0.004721,0.00532386,-0.00436825,-0.00968734,-0.00565751,-0.01405364,-0.00604076,-0.01230224,0.00242873,0.00550695,0.00107871,0.00191713,-0.00354065,-0.01353847,0.00012589,0.00389306,0.00921828,0.00820166,0.00720615,0.00147891,-0.00269276,-0.01031861,0.02082673,-0.00030486,-0.00037696,-0.00103537,0.00275466,-0.0036172,-0.00724555,-0.00034341,-0.00129274,-0.01264843,-0.00225579,-0.00515178,-0.00272758,-0.00418092,-0.00430392,0.00071391,0.00570944,-0.00711214,0.00089636,-0.00599648,-0.0033959,-0.01662602,-0.00291688,0.01523625,-0.00201238,0.003446,0.01124721,0.00026777,0.00975976,-0.00109442,-0.0134196,0.00454979,0.00055214,-0.00725618,-0.01047626,-0.00237421,-0.00865931,-0.00368712,0.0009149,0.00299186,-0.0012509,0.00588679,-0.00713688,-0.00567981,-0.00676817,-0.00242659,-0.00153519,-0.00287359,0.00092939,-0.00210342,0.00392595,0.00252091,-0.00463131,-0.00679622,-0.00658675,0.00462769,0.00873297,-0.00195426,0.00555193,-0.01193079,0.00201315,-0.00298917,-0.01805295,-0.00753097,-0.00048669,-0.00098553,-0.00271315,-0.00758583,-0.00108555,-0.00516339,-0.00126716,-0.00994575,-0.00682059,-0.00413236,-0.0068239,-0.01249005,-0.00930517,-0.00956985,-0.0054462,-0.01395738,-0.00677571,0.008848,-0.02216122,-0.00584718,-0.00201963,0.0146676,-0.00282714,-0.02725095,-0.01870917,-0.00735917,-0.01076635,-0.01156739,-0.00777251,0.00653693,-0.00546875,0.00163037,0.0010794,-0.0034401,-0.01141677,0.00195938,-0.0019558
-0.00002044,0.00088919,-0.01083608,0.0068194,-0.00309724,0.00168722,-0.0001361,0.00651428,0.0017257,-0.00020466,0.00652153,0.0039496,0.00496478,-0.00211529,-0.00450178,-0.0025783,-0.00217241,-0.00324814,-0.00497869,-0.00098849,-0.00141441,-0.01907362,0.00073564,-0.00616041,0.00206873,-0.00095417,0.00019477,0.00002818,0.00144656,-0.00041135,0.00170111,-0.00070595,-0.00072083,-0.00192792,-0.00248799,-0.0010097,-0.00143493,0.0056653,-0.00388888,0.00065123,0.00044161,-0.00583221,-0.0017034,0.00404017,0.00236287,-0.00670613,-0.00202552,0.00152018,-0.00579434,-0.00491825,-0.00322375,-0.0020817,-0.00744589,0.00142044,0.00965652,-0.00018401,0.01526041,-0.00322454,-0.00441893,0.00054257,0.00415387,0.01459,0.00861707,0.00887967,0.00115598,-0.00326123,-0.00665341,0.00976519,0.00682247,0.00076333,-0.00407734,-0.0030345,-0.00246221,-0.0022462,0.0093664,-0.00762421,-0.00135968,0.00115839,-0.00176101,-0.00873439,-0.00307696,-0.00289875,-0.00455847,0.00640275,-0.00900178,-0.00140905,0.0022528,-0.00174419,-0.00681481,-0.0008149,0.00782407,-0.00053009,0.00264611,0.0062429,0.01252511,0.00992684,-0.00035485,-0.01013649,-0.00307081,0.00101737,-0.00536539,-0.0032085,0.00231255,-0.00472293,-0.00350213,0.00105345,-0.0000029,0.00633559,0.01072707,-0.00358466,-0.00006327,-0.00219732,-0.00052187,-0.00391402,-0.00001957,-0.00022187,-0.00215765,0.00631078,-0.00916029,-0.00332964,-0.00622692,-0.0057327,-0.00506692,0.00225491,-0.00675211,-0.0027771,-0.01871854,0.00081236,-0.00924858,-0.02028799,-0.01017052,0.00021568,0.00175653,-0.00017657,-0.01375504,0.00061453,-0.00040657,-0.02032306,-0.01055314,0.00043338,-0.01304212,-0.00052212,-0.01107722,-0.00335509,-0.00647098,-0.00266837,-0.01002882,-0.00630137,0.00862439,0.01011854,-0.00653821,0.00256867,0.0133729,-0.00654587,-0.01510198,0.00531443,-0.0020551,-0.00933651,-0.01080713,-0.00774567,0.00677023,-0.00503451,0.00138056,0.00845701,-0.00495686,-0.00164047,-0.00433114,-0.0022357,-0.01330431,0.00890233,-0.00924635,-0.00194513,-0.00507271,0.00580594,-0.00183675,0.0007431,-0.00453463,-0.00565588,0.00931017,-0.0045012,-0.00358696,-0.00453594,-0.00320031,-0.00684127,-0.00233424,-0.00084772,-0.00150423,-0.00792021,0.0061533,-0.0091683,-0.01626109,-0.00272646,-0.00066703,0.00090867,0.00174663,-0.00316691,-0.00481332,-0.00820247,-0.00305305,-0.00417058,-0.00006829,0.00151913,0.00519396,0.00128306,-0.00174181,-0.00260893,-0.00280081,-0.00849815,-0.00158636,0.00508447,0.00091408,-0.00631995,0.00151666,0.00368137,-0.01098689,-0.00264062,-0.01243211,-0.00229913,-0.00456657,0.00603184,0.00660997,0.00109093,0.00053369,-0.00190567,-0.00061523,0.00147758,0.00135068,0.00750017,0.00245032,-0.00105021,0.00259348,-0.00298005,-0.0065588,0.0114277,0.00513252,0.00357315,-0.00420545,-0.00306555,-0.00187682,-0.00467307,0.00812596,-0.00652861,0.00054563,-0.00015341,-0.00244712,-0.00623136,-0.00289034,-0.0018372,-0.00292698,0.00730875,-0.01311343,-0.00350506,0.00255151,-0.00406808,-0.00973915,-0.00027828,0.01477727,-0.00255939,0.01143451,0.00955282,0.00678175,0.00489035,0.0032703,-0.01431547,0.00069864,0.00140113,-0.00715819,-0.01034667,0.0048403,0.0011093,-0.00382517,0.0011317,0.00023828,0.00924058,0.00766956,-0.00462898,0.00157155,-0.0047796,0.00227217,-0.00132876,-0.00404446,-0.00175914,-0.00230053,0.00708121,-0.00299786,-0.00192883,-0.00056547,-0.00603858,0.00032929,0.00454371,-0.00804819,0.00267305,-0.01597942,-0.00052322,-0.00126859,-0.01848461,-0.00047848,-0.00798326,0.00119755,-0.00102582,-0.01694866,-0.00119046,0.00016187,-0.01605858,-0.00658285,-0.00201988,-0.00879588,-0.00307516,-0.01162926,-0.00592125,-0.00739208,-0.00000186,-0.0099291,-0.00460912,0.01048843,0.00112417,-0.00992076,0.00544092,0.01387336,-0.00966124,-0.01416071,-0.00059704,-0.00778298,-0.00414809,-0.01401746,-0.01099867,0.00843371,-0.00998537,0.0005938,0.00477373,-0.00348998,-0.00055017,0.00055664,-0.00127941
-0.00001013,0.01074919,-0.00789869,0.00036045,0.00148265,-0.00395504,0.00582114,0.00136492,0.00541609,0.00014936,0.00972302,0.00902722,0.00453355,-0.00303226,-0.00386289,-0.00089802,-0.00143643,-0.00368983,-0.00149937,0.00262411,0.00534743,-0.00411391,0.00413613,0.00701422,0.01047908,0.00404939,0.00606937,0.00867317,0.00985689,-0.00049973,0.02054335,0.01691266,-0.00012594,-0.00028468,-0.00097517,0.0056353,0.00659048,0.00441706,0.00175003,0.01141989,0.00389971,-0.00753729,-0.00272484,0.00293547,-0.00071694,-0.00478715,0.00223602,0.00096987,-0.00660124,-0.00443338,-0.00333125,-0.00267158,-0.0077117,0.00395304,0.00452451,0.00098293,0.00350448,-0.00210119,-0.00407531,0.00087742,0.00399208,0.01023017,0.00394877,0.01166614,0.00130686,-0.0033008,-0.00445688,0.01099474,0.00463132,0.00232824,-0.00602789,0.0027099,-0.00031004,-0.00347936,0.00532737,0.00003459,-0.006991,0.00106851,-0.00068131,-0.00188749,-0.00431591,-0.00116306,0.00018664,0.00891212,-0.00495008,0.00003805,-0.00176033,0.00317298,-0.00589448,-0.00100316,0.03089868,-0.00105723,0.00843645,0.0065876,0.00640297,0.01411423,-0.00359284,-0.00750388,0.00038205,0.00269521,-0.00757362,-0.0051283,0.00659058,0.00062108,-0.00061763,0.00595955,0.0048035,-0.00355208,-0.00153442,-0.00300653,0.00013684,-0.00391567,0.00050995,-0.00073435,-0.00149134,-0.00022459,-0.00220487,0.00762259,-0.00871101,-0.00499914,-0.00591324,-0.00821374,0.00333364,0.00679085,-0.00399281,0.00078223,-0.01053515,-0.00064729,-0.00412621,-0.01819416,-0.00647574,-0.00308963,-0.00013505,-0.00140399,-0.00797072,-0.00053057,-0.00022544,-0.01357993,-0.00568824,0.00267347,-0.00307649,-0.00250618,-0.01124535,-0.00486976,-0.01040915,-0.0055859,-0.01156976,-0.00509863,0.0152983,-0.00316813,-0.00112814,-0.00100536,0.01444894,-0.00487106,-0.01235687,-0.0013002,-0.00327197,-0.00536261,-0.01204406,-0.00757081,0.00716147,0.00088905,0.00320079,0.00449068,-0.00615545,-0.00041726,-0.00449215,0.0062886,-0.01385354,0.00077536,0.00571151,-0.00461318,0.00164885,0.00224313,0.00353564,0.00159025,0.00705749,0.00622041,0.00439813,-0.00279101,-0.00527905,-0.00120419,-0.00264959,-0.00359847,0.01931835,0.00512115,0.00625724,-0.00435259,0.00232793,0.01203728,0.00542752,0.00458067,0.00757616,0.00801654,0.0056713,-0.00199053,0.01372122,0.0188202,-0.00032415,-0.00464857,-0.00060289,0.00686574,0.0035479,0.00652995,0.00182872,0.00868443,0.00531345,-0.00301963,-0.00181681,0.00425402,0.00305578,-0.00442769,0.00204274,-0.00220913,-0.00791945,-0.00648901,-0.00624929,-0.00222612,-0.0113147,0.00090038,0.01000614,0.00227082,-0.00255737,-0.00177254,-0.00420382,0.00026214,0.00291604,0.01170855,0.00382852,0.00681989,0.00245393,-0.00376421,-0.00417171,0.01293578,0.00265001,0.00374667,-0.00574618,0.00169799,-0.0013937,-0.00418497,0.0047327,0.00020533,-0.00644076,-0.00136203,-0.00328739,-0.00029674,-0.00384435,-0.00377238,0.00210398,0.01904568,-0.00830587,-0.00147864,-0.00085196,0.0005164,-0.00795528,-0.00104007,0.02981172,-0.00127903,0.00678018,0.00683819,0.00272721,0.01408307,0.00057178,-0.00302504,0.002513,0.00081969,-0.00692453,-0.00963876,-0.00034832,-0.00065687,-0.00292341,0.00148601,0.00059426,-0.00558393,0.00062963,-0.00690795,-0.00086629,-0.00428334,0.00025428,-0.00031967,-0.00084955,0.00135739,-0.0014969,0.01017065,-0.00596814,-0.00394661,-0.00364364,-0.00767622,-0.00152293,0.00636538,-0.00122584,0.00149633,-0.01533043,-0.00017453,-0.00104793,-0.01904907,-0.00741954,-0.0036525,0.00189328,-0.00281121,-0.00936146,-0.00289237,0.00004923,-0.00997141,-0.00630115,0.00017464,-0.00441183,-0.00192664,-0.01422281,-0.00534877,-0.01150091,-0.00506326,-0.00990263,-0.0073561,0.01301324,-0.01107134,-0.00200453,0.0021076,0.01474245,-0.00235475,-0.00770265,-0.0009228,-0.00413773,-0.00501526,-0.0142023,-0.01017505,0.0097598,0.00205622,0.0022633,0.00726158,-0.00417262,-0.00243532,-0.0032444,-0.00043104
-0.00000003,0.00547153,-0.00017036,0.00387254,0.00660612,-0.00278948,0.00252988,-0.00258052,0.0019401,-0.00161252,0.00227176,0.00656697,-0.00502886,-0.00299597,-0.00196215,-0.00085614,-0.00310761,-0.00174034,0.01248964,0.00298311,0.00292472,-0.00967628,-0.0005734,0.01202026,0.00555099,0.00363308,0.00518299,0.00736965,0.00990362,-0.00282033,0.00441708,0.01556839,-0.0020733,-0.00357226,0.00216394,0.00716229,0.00510765,0.00263762,-0.00072756,-0.0011136,0.00246761,-0.0070628,-0.00353677,0.00311003,-0.00386679,-0.0042678,0.00852092,-0.00186461,-0.00853394,0.00199316,-0.00795967,-0.00019496,0.00140753,0.00095629,0.01181047,0.00450268,0.01489295,-0.00113717,0.00964576,0.00257527,0.00025765,0.00852818,0.0014243,0.01182491,0.00259224,-0.00032522,-0.00483669,0.00224058,0.00462619,0.00498606,-0.00493375,-0.00184354,-0.00161549,-0.00104549,0.00177545,-0.00152776,0.00516878,0.00607158,-0.00369486,0.0099361,0.00104221,-0.00187303,0.00507936,0.00524218,-0.01434751,-0.00623023,-0.00234496,-0.00675119,-0.00001044,-0.0015033,0.02632973,0.00166801,0.00251338,0.00257787,0.01269883,0.00977928,-0.00375536,-0.00818601,0.0070361,0.00394649,-0.00257076,0.00910721,-0.00487224,-0.00607482,0.00078489,0.00576507,0.00332332,0.00312313,0.02418313,-0.00473712,-0.00354169,0.00344976,0.00050794,-0.00241191,-0.00085586,0.00210337,-0.00099663,-0.00866206,-0.00769626,-0.00555253,-0.00044979,-0.00912426,0.00266285,-0.00270445,-0.00566858,-0.00207267,0.00022,-0.00278418,-0.00236538,-0.01612827,-0.00053542,0.00191656,0.00185874,0.00172263,-0.00637096,-0.00029964,-0.00379314,-0.00858585,-0.019623,-0.00537026,-0.00495422,0.00000279,-0.00557144,-0.00658291,-0.00699018,0.00237942,-0.00976947,-0.00750914,0.00534703,0.00495134,0.0024296,0.00053454,0.01285131,0.00415549,-0.00221694,-0.00519844,0.00184875,-0.00365781,-0.01550706,-0.01625037,-0.00482672,0.01810707,0.00442096,-0.00082792,0.00311008,0.00247018,0.00066336,0.00620335,-0.00147214,0.00528666,0.00605352,-0.00593059,0.00182941,-0.00042721,0.00348571,-0.00285912,0.0031479,0.00343643,-0.00068608,0.00146089,-0.00005587,0.00020375,-0.00246622,0.00058109,0.0147076,0.00413175,0.003565,-0.00773671,0.01368314,0.0100172,0.00354762,0.00222101,0.00506083,0.00478621,0.01024134,-0.00044688,0.01014726,0.01305998,-0.00309297,-0.00505784,0.00207013,0.00766331,0.00163192,0.00131974,-0.00107046,-0.00015027,-0.00000602,-0.00497373,-0.00200759,0.00345743,0.00073398,-0.00136137,0.00663375,0.00007881,-0.00712203,-0.00217347,-0.00165545,-0.00069359,0.00705988,0.00035759,0.00371885,0.00286823,0.00085537,-0.00132829,-0.0062137,0.00090059,0.00047798,0.0009266,0.00280506,0.013534,0.00371113,-0.00332637,-0.00564558,0.00618821,0.0025947,0.00461081,-0.00347816,0.00546043,-0.00237503,-0.00015754,-0.00104088,-0.0033162,0.00143226,0.00522415,-0.00445946,0.00273393,0.00306197,-0.00351179,0.00440326,0.00686112,-0.0147088,-0.00472089,-0.00674892,-0.00547222,0.0014759,-0.00199287,0.0240024,0.00118392,0.00171468,-0.00209037,0.01035146,0.00574354,-0.01124804,-0.0084028,0.00877594,0.00483891,-0.00192248,0.01200798,0.00157429,0.00092597,-0.00047823,0.00186649,0.00216751,0.00285674,0.01747899,-0.0012618,-0.00395463,0.00173149,-0.00092006,-0.00167501,0.00004373,-0.0004578,-0.00034772,-0.00765823,-0.00747637,-0.0044649,-0.00344613,-0.00810096,0.00099588,-0.00044662,-0.00600233,-0.00158232,0.00141368,-0.00169871,-0.00303232,-0.01780916,-0.00399604,-0.00124984,0.00422452,-0.00144498,-0.00253431,-0.0000672,-0.00490335,-0.00958008,-0.01501262,-0.00683829,-0.00548984,-0.00128992,-0.00563253,-0.00935206,-0.00942869,0.00330787,-0.00720177,-0.00568598,0.01328537,0.01018404,0.00012355,0.00236311,0.0126957,0.00238243,-0.00445766,-0.01163555,0.00362786,-0.00670746,-0.01091604,-0.01087328,-0.00256599,0.0116662,0.00454336,-0.00108565,-0.00130999,-0.00011548,-0.00677031,-0.00010917
0.00001063,0.00104748,0.00250049,-0.00036762,0.00582565,0.00749649,0.01016673,-0.00111905,0.0050428,-0.00085895,-0.00059484,0.00040845,-0.00338157,0.00093164,0.00104314,0.00061785,-0.00003433,-0.00288678,0.0044207,0.00041018,-0.00115281,-0.00591668,0.00587304,0.0038664,-0.00146598,0.00062142,0.0026257,0.00177888,0.00740285,-0.00122936,0.00769174,0.00903193,-0.00072597,-0.00204987,0.00178627,0.00190944,0.00081883,0.00113327,-0.00285382,0.0006156,0.00217933,-0.00525663,-0.00229283,0.0028175,0.00283555,0.00332225,0.00463205,-0.00348994,-0.00519141,-0.00285428,-0.00192917,0.00040772,-0.00352032,-0.0003113,0.00799238,0.00216646,-0.00230963,-0.00119696,-0.00713268,0.00151288,0.00161584,0.00632893,0.00037024,0.00983258,0.00197239,-0.0024489,-0.00434987,0.00428861,0.00299075,0.00581627,-0.00500282,0.003534,-0.00156917,-0.00232633,0.0046127,-0.00972248,-0.00121912,0.00645602,-0.00286918,-0.00118289,0.00271538,-0.00484047,0.00395153,-0.00158612,-0.00508573,-0.00417761,-0.00525966,-0.00264575,-0.00210603,-0.00135593,0.03182917,-0.00029138,0.00373678,0.00659299,0.00898448,0.01196347,0.00230286,0.00275924,0.01093207,0.00255384,-0.008916,0.01374887,-0.00203742,-0.00560005,0.00200778,0.00388606,-0.00337408,-0.00444519,0.00164718,-0.001453,-0.00538521,0.00113075,-0.00010133,0.00062246,0.00024659,-0.00043595,-0.00115354,-0.01150579,-0.01074653,-0.00145179,-0.00271587,-0.00868735,0.00170478,-0.00032197,-0.00419008,-0.00137808,0.00600072,-0.00361679,-0.00258707,-0.01572946,-0.00579159,0.00521647,-0.00012418,0.00185233,-0.01035081,-0.00189365,-0.00371716,-0.00701277,-0.01523214,-0.00212281,-0.00393425,-0.00110012,-0.0077025,-0.0012009,-0.00782749,-0.00438829,-0.00904873,-0.00793361,0.01703358,0.00514312,-0.00270502,0.00244606,0.01028099,0.00433287,-0.00953981,-0.00356576,0.004337,-0.00436984,-0.00904117,-0.01074205,0.00344409,0.00960809,0.00335774,-0.00321219,-0.00456841,0.00512339,-0.00426529,0.00101231,0.0017208,0.00199716,0.00996272,0.00207927,0.01692314,-0.0027168,0.00465603,0.00078605,0.00422042,-0.00037152,-0.001487,0.00032426,-0.00084578,-0.00084404,0.00125446,-0.003845,0.0044374,0.00118247,-0.00052607,-0.00460231,0.00232401,-0.00140078,-0.00047557,-0.0004085,0.00301603,0.00206274,0.00713464,-0.00009558,0.01520977,0.00994616,-0.00026364,-0.00237231,-0.00003293,-0.00630641,0.0020103,0.00066862,-0.00246631,-0.00117245,0.00237593,-0.00451939,-0.002714,0.00424163,0.00076876,-0.00192101,0.00331656,-0.00023158,-0.00512273,-0.00188249,-0.00435669,0.00002193,-0.00041201,-0.0006486,0.00673444,0.00277314,0.01573466,-0.00135204,0.0007075,0.00185232,0.00018801,0.00559477,0.00034962,0.01035712,0.00415221,-0.00099398,-0.00208968,0.00066515,0.00297799,0.00450913,-0.00530565,0.00301403,-0.00120346,-0.00289456,0.00310916,-0.00622955,-0.00293317,0.00234759,-0.00324411,0.005918,0.00159038,-0.00422921,0.00652409,0.00690231,-0.00947606,-0.00316049,-0.00024364,-0.00481695,-0.00118331,-0.00083865,0.03201025,-0.00057538,0.00691775,0.00667578,-0.0052492,0.01125106,-0.00023591,-0.0052368,0.00560096,0.00301144,-0.00642654,0.00684223,-0.00149195,-0.00110761,0.0015885,0.00698671,0.00099275,-0.00157751,0.00919243,-0.00535847,-0.00440554,0.00066922,0.00055039,0.00067003,-0.000688,-0.00097016,-0.00101747,-0.00312218,-0.00972724,-0.00190364,-0.00167604,-0.00828381,0.00148824,-0.00432958,-0.00569045,-0.00189763,0.00417799,-0.00344379,-0.00111096,-0.01254802,-0.00414235,0.0069844,0.00091109,0.0009928,-0.00518557,-0.00152605,-0.00292054,-0.00461187,-0.00825767,-0.00404447,-0.00572628,-0.00218764,-0.0119568,-0.0016094,-0.00614822,-0.00627071,-0.00530505,-0.00606632,0.01161707,-0.00041732,-0.00361141,0.00657016,0.01238943,0.00664984,-0.00012147,-0.00497433,0.00558231,-0.00666106,-0.01423747,-0.00935811,0.00501741,0.01136687,0.00352315,0.00044813,-0.00073432,0.00635786,-0.00349694,-0.00045971
-0.00001415,0.00311355,-0.00371855,0.0009583,0.00390646,-0.00112014,0.00206485,-0.00562983,-0.00370265,-0.0024478,0.00171415,-0.00121989,0.00161358,-0.00640067,-0.00603732,-0.00729546,-0.00464144,-0.0074195,-0.00213984,-0.00169679,-0.00400129,-0.00971835,-0.00207835,0.00067353,-0.00309101,-0.00245743,-0.00106768,-0.00083539,0.00070622,-0.00316716,-0.00028468,0.00125763,-0.00464411,-0.00537809,-0.00392102,-0.00202161,-0.0031688,-0.0022484,-0.00553431,-0.00109174,-0.00263294,-0.01076139,-0.00493914,0.00482237,0.00161835,-0.00655963,0.00046448,-0.00371813,-0.00832476,-0.00437876,-0.00643374,-0.00303333,-0.00380329,-0.00274808,0.00007709,-0.00117193,0.0069076,-0.00386696,-0.00167411,-0.00226842,-0.00042078,0.00458585,-0.00199019,0.00460833,-0.00013578,-0.00195978,-0.00422632,-0.00106258,0.00337287,0.00238188,-0.0068424,-0.00190265,-0.00412391,-0.00452457,0.0019222,0.00008903,-0.00045191,-0.00274702,-0.00615492,0.00057116,-0.00195435,-0.00687996,-0.00112886,0.00398373,-0.00820423,-0.00421413,-0.0045383,-0.00776507,-0.01199062,-0.00302517,0.02692265,-0.00308261,0.0023889,0.00181307,0.01346539,0.00758874,-0.00542889,-0.00805232,0.00155712,0.0002826,-0.00498463,-0.00648075,-0.00813655,-0.00106959,-0.00458947,0.00337761,-0.00478049,0.00226482,0.01460229,-0.00650417,-0.00439486,-0.00422912,-0.00244731,-0.00644184,-0.00444993,-0.00371495,-0.00441503,0.0033205,-0.00557705,-0.0041547,-0.00266171,-0.01358719,0.00217463,-0.00311764,-0.00799241,-0.00115239,-0.00927203,-0.0074065,-0.00400557,-0.01698009,-0.00505575,0.00568305,-0.00460627,-0.0058019,-0.00989736,-0.00353228,-0.00218885,-0.01235317,-0.01054027,-0.00826707,-0.00561896,-0.00537965,-0.01441825,-0.00907986,-0.00737518,-0.00512509,-0.01200476,-0.0091442,0.00525602,-0.00425269,-0.00952107,-0.00324469,0.0095314,-0.00514357,-0.00686774,-0.00796865,-0.00320287,-0.00483298,-0.01529453,-0.00808196,-0.00130758,0.00045902,-0.00332818,0.00112394,-0.00268214,-0.00010774,-0.00387353,0.0012738,-0.00728703,0.00181687,0.00682658,0.00154644,0.00268396,-0.00425963,-0.00183582,-0.00663607,-0.00304177,-0.00080094,-0.00426475,-0.00153129,-0.00767822,-0.00528413,-0.00471061,-0.00635927,0.01355099,-0.00133605,-0.00218693,-0.01050978,0.00416934,0.00330109,0.00195715,-0.002832,-0.00049251,-0.00276674,-0.00135091,-0.00473567,0.00781842,0.01327782,-0.00400998,-0.00417884,-0.00191905,0.00054314,-0.00246748,-0.00098763,-0.00095891,-0.00101402,-0.00069634,-0.00642799,-0.00569858,0.00176782,-0.00079525,-0.00290141,0.00045573,-0.00115981,-0.01041327,-0.00490152,-0.00751858,-0.0036265,-0.01145119,-0.00291363,0.00265817,-0.00200944,0.00633046,-0.00535935,-0.00359194,-0.00218376,-0.00089748,0.00529381,0.00156852,0.00367506,-0.00058065,-0.0053124,-0.00996766,0.0048293,0.00116791,0.00252942,-0.0089667,-0.00149098,-0.00420526,-0.00286669,-0.0017544,-0.01028229,0.00062576,-0.00285267,-0.0038499,-0.00583085,-0.00009068,-0.00772823,-0.00226009,0.00197226,-0.00523621,-0.00634915,-0.00579012,-0.00743207,-0.00688743,-0.00443336,0.0157126,-0.00343797,-0.00031057,-0.00093212,0.00791919,0.00249107,-0.00861867,0.00008094,0.00256081,0.0003702,-0.00432741,-0.00792745,0.00237827,-0.00150927,-0.00602065,-0.00214316,0.00185989,0.00313246,0.00979408,-0.00891339,-0.00282756,-0.00224265,-0.00210395,-0.00434802,-0.00303534,-0.00371155,-0.00551064,0.00300515,-0.00914127,-0.0036768,-0.00615684,-0.01103206,0.00041452,-0.00575311,-0.00995534,-0.0011757,-0.00516102,-0.0053996,-0.01052542,-0.02413073,-0.01228812,0.00454888,-0.01034977,-0.00149897,-0.01344481,-0.00384119,-0.00272311,-0.01738231,-0.00153891,-0.0026955,-0.00386886,-0.00384398,-0.01523769,-0.01200614,-0.00803122,-0.00495267,-0.01191742,-0.00846683,0.00662062,0.00008193,-0.00631439,-0.00484754,0.01050002,-0.00634927,-0.00851959,-0.00990932,-0.00178764,-0.01332182,-0.01514566,-0.01415834,-0.00910967,-0.00508386,-0.00113108,-0.00095792,-0.00702384,-0.00503303,-0.00767398,-0.00363102
-0.00000339,0.00473018,0.00581284,-0.00105429,0.0043069,0.00280522,0.0105893,-0.00177186,0.00400907,-0.00130033,-0.00024435,-0.00085073,-0.00173422,0.00375627,-0.00436722,-0.00410398,-0.00260277,-0.00334466,0.00626716,-0.00056165,0.00085371,-0.00929321,0.00976116,0.01080944,-0.00010921,-0.00056726,0.00200278,0.00002072,0.00018843,-0.0030522,0.00449544,0.01073404,-0.00056494,-0.00373402,-0.0018828,0.00288525,-0.00117167,-0.00136046,-0.00102956,-0.00054784,-0.00054068,-0.00707469,-0.0008527,0.00271526,-0.0018743,-0.00291066,0.00274651,0.00343371,-0.00258871,-0.00787262,-0.00219625,-0.00120433,0.0062194,0.00004639,0.01218877,-0.00169959,-0.00101634,-0.00099691,-0.0016047,0.00031373,-0.00142208,0.00942505,0.00435114,0.01504117,0.00105868,-0.00386724,-0.00500208,0.01003466,0.00051566,-0.00071369,-0.00257129,-0.00469366,0.00015978,-0.00551401,0.00148,-0.01510079,-0.00623714,-0.00071002,-0.00243091,-0.00951392,-0.00389387,-0.00555024,0.00353345,0.00861978,0.00478057,-0.00100004,-0.00022963,0.00165949,-0.00104318,-0.00142907,0.03971614,-0.00048659,0.01601635,0.00766506,0.0062599,0.01418457,0.00228023,-0.00150498,0.00066023,0.00040152,-0.00736352,-0.00416927,-0.00035888,-0.00304308,-0.00028751,0.00570701,0.00613723,-0.00586127,-0.00579956,-0.00163609,-0.0017635,-0.0048873,0.00177475,0.00033184,-0.00028234,0.00274177,-0.00264234,-0.00352306,-0.00848954,-0.00582754,-0.01172393,-0.00722535,-0.00554343,0.00538724,-0.00217288,-0.00053722,-0.00998702,0.00240514,-0.00699506,-0.01658817,0.00268522,0.00013272,-0.00526585,-0.00214912,-0.01181316,0.00063692,-0.00041269,-0.00645859,-0.00721439,0.00002014,-0.00346832,-0.00337771,-0.01270154,-0.00113348,-0.00206826,-0.00706487,-0.00636187,-0.0083014,0.01552605,-0.00273163,-0.00010183,0.00046589,0.0173829,0.00104068,-0.01289942,-0.00582989,0.00543942,-0.00999935,-0.01168699,-0.01148098,0.010445,0.00980405,0.00061113,0.00371938,-0.01288439,-0.00117747,-0.00535558,0.00482086,0.00627672,-0.00173925,0.00535037,-0.00034609,0.01322857,-0.00262129,0.00350882,-0.00017577,0.00069975,0.0001755,-0.00352479,-0.00067257,-0.00537155,-0.00426837,-0.00159769,-0.00383093,0.00647802,-0.000542,-0.00220786,-0.00827669,0.0084805,0.00613086,-0.00314113,-0.00003121,0.00306581,0.00291773,0.00418015,-0.00116417,0.00406807,0.01017109,-0.00115562,-0.00244401,-0.00138822,-0.00123273,-0.00247816,-0.00157623,-0.00491376,-0.00470902,0.00005208,-0.00542449,-0.00211417,0.00576629,0.00354926,-0.00363242,0.00123275,0.00378632,-0.00643798,-0.00470017,-0.00632155,-0.00253438,0.00410874,-0.00016576,0.00817008,0.00178556,0.00420666,-0.0008271,0.00325187,-0.00034147,-0.00170988,0.01684705,0.00185162,0.00862064,0.0008815,-0.00263291,-0.00314357,0.00865501,-0.00262441,0.00111798,-0.00227127,0.00281725,-0.00197653,-0.00705706,-0.00078972,-0.01189668,-0.00197639,0.00177982,-0.0036627,0.00014655,-0.00154839,-0.00581084,0.00269627,0.00810366,-0.00529838,0.00153211,-0.0052252,-0.00779148,-0.01223697,-0.00146163,0.033119,-0.00046892,0.0091471,0.00909783,0.01058551,0.01711982,0.00518439,-0.00641406,0.0010771,0.00150046,-0.00434528,-0.0067393,-0.00588381,-0.01120489,-0.00313877,0.00179597,-0.00067844,-0.00516032,0.00383155,-0.00211763,-0.00396258,-0.00784022,-0.0001712,0.0010375,0.00022088,-0.00104954,-0.00181513,0.00383449,-0.00367438,-0.00691089,-0.00620659,-0.00881263,-0.000468,0.00600596,-0.00332849,0.00785962,-0.01447641,0.00006974,0.00169297,-0.01515497,0.00229047,0.00079444,0.00014679,-0.00319829,-0.01153599,-0.00287822,-0.00170584,-0.01595652,-0.00402606,-0.00270031,-0.0046121,-0.00232354,-0.01088858,-0.00423745,-0.00589485,-0.00495334,-0.00807186,-0.00603255,0.01499871,-0.00642872,-0.00519055,0.00236702,0.01860962,0.00283423,-0.00654882,-0.00202413,-0.0019369,-0.00486818,-0.01362832,-0.00067616,0.01911639,0.00523062,0.00113541,0.00284096,-0.00462251,0.00087351,-0.00282839,-0.00107289
-0.00000647,0.00527131,-0.00388416,-0.00353152,0.00258631,0.00325939,0.00110666,0.00019602,-0.00094261,0.00209142,-0.00552517,-0.00246168,-0.00700947,-0.0100302,-0.00446217,-0.00537473,-0.00197498,-0.00705376,-0.00060551,-0.00473966,-0.00573148,-0.00287061,-0.0042047,0.01618221,0.00144437,0.00031949,-0.00352367,-0.00480851,-0.00189081,-0.00392144,0.00727491,0.01695066,-0.00076779,-0.0018904,-0.00190553,0.00821957,-0.00996518,0.00469419,-0.00710868,-0.00841918,-0.00514699,0.00021965,-0.00291689,-0.00192209,-0.00456006,-0.00366481,0.00296061,0.00079313,0.00040361,-0.00300533,0.00091282,-0.00469918,0.01231185,0.00193387,0.00187501,0.0026926,-0.00441567,-0.00291357,-0.00220491,-0.00142358,0.00173196,-0.00981969,0.00593079,0.00557332,0.00074515,-0.00493122,0.00034399,0.00077495,0.00193275,0.00029406,0.0048452,-0.0008494,-0.00308296,0.00222577,-0.00601924,-0.00682909,0.00505887,0.00005796,-0.00313006,0.00043341,0.00628511,-0.00601473,0.0021599,-0.0011696,0.00049189,0.00002488,-0.00233225,0.00273585,0.00395344,-0.00388654,0.01014496,-0.00200275,0.00141049,0.00499653,0.0090652,-0.00578622,-0.00410854,0.00810317,0.00078197,0.0010861,0.00493204,0.00239431,0.01125092,-0.00191237,-0.00510145,-0.00332352,-0.00017559,0.00523411,0.0186832,-0.00541629,-0.00239782,-0.00773207,-0.00317555,0.00143387,0.00005589,0.00840867,0.0014691,-0.00058519,0.00130555,-0.00505297,-0.0048068,-0.01046074,0.0015172,0.00704422,0.0008642,0.00406591,-0.00779893,-0.00116658,0.00695225,-0.01094773,0.00169821,-0.01012907,-0.00717255,-0.00558558,-0.00832651,-0.00204453,-0.00707323,-0.01453004,0.00683724,-0.005955,-0.00142043,0.00120714,-0.00295336,-0.0013962,-0.00110655,0.00311483,0.00247182,-0.00424494,-0.00258534,0.00619924,0.01571297,-0.01250224,0.00227387,0.00354774,-0.01372431,-0.0046855,0.00017307,-0.00731603,-0.00844507,-0.01001134,-0.00604236,0.00131632,0.00430827,-0.01129563,0.00456751,0.00070498,-0.00764657,0.00210641,-0.02010685,0.00381157,0.00361488,-0.00830203,0.00643791,-0.00706617,-0.00129886,0.00724838,-0.00157693,-0.00346282,0.00775144,0.00946208,0.00026894,-0.00153503,-0.00086343,-0.01171153,0.0134618,-0.00312238,-0.00202181,-0.00217741,0.00334146,0.02404247,-0.00147685,-0.00234405,-0.00158954,-0.00083543,0.00210592,-0.0064764,0.00698161,0.01592544,-0.00870156,-0.00234411,-0.0067414,0.00537557,0.00612241,-0.0063247,-0.00132586,0.00333561,0.00567438,-0.00944524,-0.00437851,-0.0007084,-0.00695577,-0.00561425,0.00671416,-0.00767886,-0.00065236,-0.00021609,0.00271296,-0.00656685,0.00948679,0.01026789,0.01043582,0.00475419,-0.01629531,-0.00416684,0.00273914,-0.00105782,0.00499356,-0.00889844,0.00630585,-0.00387631,-0.00294928,0.00043836,0.00061482,0.00010693,0.00491045,0.00037493,-0.00022775,-0.00962954,-0.00126989,-0.00347948,0.00143682,0.00121709,-0.00445301,-0.00310494,-0.00080147,0.00828758,-0.00479101,-0.00375789,-0.00646388,-0.00560402,-0.01743855,0.00175643,-0.0037866,0.00275014,-0.00898122,-0.00598788,0.01147412,-0.00294378,0.00346104,-0.00088022,-0.01637642,-0.00957795,-0.00300554,0.00986188,0.00201613,0.00501853,-0.00036518,0.00113931,-0.01365363,0.00709777,0.00013031,0.00612557,0.00047552,-0.0009128,-0.0052222,-0.00614909,-0.00097024,0.00353326,-0.00370038,0.00504712,-0.00146481,0.00226184,0.00087609,-0.00372691,-0.00236914,-0.00573527,0.00335273,-0.012069,0.00161085,-0.00529552,-0.01484623,-0.0033104,0.00150329,-0.0062942,-0.00137889,-0.00642937,-0.00057268,-0.01953059,-0.00958399,-0.00722765,0.00345439,-0.00084183,-0.00489463,0.00457485,0.00005511,-0.01902346,0.00108963,0.00111624,0.00468179,0.00633097,0.00076034,0.00167616,0.00854888,-0.00447998,-0.00319615,0.01135626,0.00213714,-0.01144524,-0.00144706,0.00700476,-0.01431996,-0.00105284,-0.01499789,0.00152016,-0.00796523,-0.00513308,0.01225544,0.00055297,0.00070903,-0.00337774,0.0087521,0.00118464,0.00147072,-0.0024537
-0.00000525,0.00642792,-0.00328247,-0.00190574,-0.00427505,-0.00174985,0.00096465,0.00193463,0.00046588,0.00215462,-0.00345519,0.00038648,0.0005371,-0.00230814,-0.00338382,-0.00262432,-0.00061166,-0.00431775,0.00008402,0.00021144,-0.00063499,-0.00131161,0.00630721,0.00472414,0.00481809,0.00078469,-0.00418143,-0.00041136,0.00020525,-0.00183307,-0.0070408,-0.00382762,0.00077503,0.00069557,-0.00055059,0.00643837,-0.0003904,0.00050843,0.00068256,-0.00226351,-0.00348494,-0.00581848,-0.0020306,0.00043616,0.00028549,-0.00141328,0.00011415,-0.00647517,-0.00915306,0.00136886,-0.00520019,0.00050286,-0.00569155,0.00207657,0.00374989,-0.00056119,0.00477228,-0.00174235,0.0056257,0.00106375,0.00010527,0.00623945,0.00089761,0.0101733,-0.00055677,0.00088005,-0.0039196,0.00731681,-0.00212126,0.00175891,-0.0029564,0.00104117,-0.0033092,-0.00146913,-0.00310042,-0.00033996,0.00058812,-0.00119809,-0.00182139,0.00291172,-0.00035016,-0.00413187,0.00426852,0.00815388,0.00493174,-0.00391824,-0.00768679,-0.00681926,-0.00808163,-0.00054349,0.03232251,0.00096716,0.0025405,-0.00452247,0.00334113,0.00482809,0.00294847,0.00277088,0.00490983,0.00135895,-0.00382916,0.0010486,0.01061036,0.01198727,0.00148173,-0.00018817,0.00743429,-0.00601089,-0.00959128,-0.00609677,-0.00567046,-0.00675842,-0.00192718,-0.00083158,-0.00253618,-0.00272262,0.0001641,-0.00239867,-0.00429319,-0.00459328,0.00101213,-0.00272556,0.00284105,0.01082633,-0.0005717,0.00004274,-0.0024487,-0.00166923,-0.0062969,0.00215072,-0.00687466,-0.00734299,-0.00572138,0.0011214,0.00573534,-0.00321138,-0.00388976,-0.01094698,-0.00384899,-0.00546655,-0.00403929,-0.00064559,-0.00880983,-0.00000614,-0.00628581,-0.00187024,-0.00548487,-0.00520038,0.00902708,-0.00435839,-0.00332838,-0.00256469,0.00604282,-0.00387939,0.00369937,-0.00106065,0.00385253,-0.00995726,-0.00149663,0.00061359,0.00758747,-0.00107469,-0.00048478,0.00019686,-0.01356153,0.00853475,0.00036501,0.00792834,-0.00116015,-0.00005839,-0.002248,0.00614146,0.00935806,-0.00175972,0.00369879,0.0010876,0.00431404,0.00115128,-0.00195982,0.00199079,-0.00047974,-0.00342311,-0.00082071,-0.00430592,0.00276948,0.00050795,-0.00112439,-0.00075251,0.00413752,-0.00390769,0.00029448,-0.00100975,-0.00037466,0.00175539,0.00100484,-0.0029781,-0.0041475,0.0002105,0.00036607,-0.00452201,0.00193704,0.00368683,-0.00337771,-0.00414009,-0.00141597,-0.00412063,-0.00604149,-0.00599687,-0.00400811,-0.00115277,0.00208339,-0.00127333,-0.00247703,-0.00124567,-0.01071245,0.00044434,-0.00356174,-0.00129853,-0.00421375,-0.0011215,-0.0012959,0.00239829,0.00917301,-0.00037754,0.00204361,0.00017269,-0.00095574,0.00928585,-0.0004258,0.00739923,0.00058321,0.00248575,-0.00072818,0.00803266,0.00008992,0.00216505,-0.00552996,-0.00518399,-0.00344813,-0.00504963,-0.00081146,0.00210905,-0.00166298,-0.00397771,-0.00374576,0.00473353,-0.00230462,-0.00332878,0.0021224,0.00876652,0.00457354,0.00005263,-0.00929963,-0.00141162,-0.00821329,0.00136443,0.03740806,0.00003969,0.00966273,-0.00767763,-0.00895283,0.00385676,-0.00179512,0.00431604,0.00078088,0.00179717,-0.00266347,-0.00632937,0.000928,0.00753535,-0.00115316,0.0032324,0.00307203,-0.00347131,-0.01504371,-0.00641793,-0.00299689,-0.00326612,-0.00178648,-0.00243835,-0.00324551,0.00049758,-0.00007565,-0.00025261,-0.00540546,-0.00407265,-0.00506546,-0.00368308,0.0018766,0.01093836,-0.00100254,0.00099632,-0.00634893,-0.00515096,-0.00473417,0.00526067,-0.00636614,0.00325842,-0.00097809,0.00826671,-0.00446567,-0.00249981,-0.00412689,-0.0019657,-0.00205058,-0.00615859,-0.00524102,0.00084258,-0.01181223,-0.0045633,-0.00761585,-0.00726833,-0.00759309,-0.00748816,0.00928837,-0.01134673,0.0033872,0.00675762,0.00701563,0.00508858,0.01899239,-0.0067566,0.00340341,-0.01045864,-0.00913335,0.00178744,0.00821943,-0.00279269,0.00142136,0.00424507,-0.00964425,0.00948099,0.00351075,-0.00070275
-0.00000688,0.00596214,-0.00156774,0.00296162,0.00232124,0.00408875,0.00337495,-0.00348021,0.0069912,0.00090655,0.00243649,0.00610754,-0.00208179,-0.00408368,-0.00498538,-0.00021019,-0.0030531,-0.00211583,0.01226766,0.00252576,0.0018564,-0.00594927,0.01281803,0.02077119,0.00212019,-0.00034552,0.00210299,0.00265739,0.0051215,-0.00460051,0.00849446,0.01442246,-0.00401515,-0.00530886,-0.00053249,0.01159771,0.00023462,0.00148443,-0.00188404,0.00845943,0.00573219,-0.00389384,-0.00399057,-0.0031724,0.0034653,-0.00189618,0.00094814,-0.0083297,-0.01538839,-0.00431,-0.0128139,-0.00151974,-0.0120588,-0.00049629,0.00778613,0.00278742,0.013037,-0.00153943,-0.01056652,-0.00158857,0.00195297,0.00856169,0.00376341,0.01129087,0.00108152,-0.00383713,-0.00474319,0.00814287,0.00507457,0.00249184,-0.00484897,0.00123228,-0.00299242,-0.0034987,-0.00082315,-0.0012667,-0.003303,0.0015776,-0.00534091,0.01114184,0.00092899,-0.00473071,0.00447862,0.0096051,-0.00117909,-0.00231116,-0.00887678,-0.00874917,-0.0090174,-0.00276987,0.03641427,0.0006368,-0.00040167,0.00316794,0.00107686,0.01011456,-0.00237726,-0.00860815,0.00383847,0.00092253,-0.00743336,-0.00484882,-0.00843088,-0.00867637,-0.00343916,0.00311037,-0.0068665,-0.00266323,0.00534248,-0.00521872,-0.00770055,-0.0019706,0.00088712,-0.00031913,-0.00305686,-0.00135849,-0.0025443,-0.00144573,-0.00921741,-0.00324354,-0.00684051,-0.00989381,0.0025132,0.00232768,-0.00376469,0.00446876,-0.00646819,-0.00203932,-0.01043298,-0.01259508,-0.01307177,0.01055845,0.00301464,-0.00063323,-0.00943526,-0.00467443,-0.00340948,-0.01529827,-0.00951436,-0.00518816,-0.00877567,-0.00608856,-0.01155455,-0.00995469,-0.00954817,-0.0091299,-0.01385873,-0.00764766,0.01738294,-0.00361188,0.00936084,-0.00159322,0.01740839,0.00300448,-0.00106383,-0.01116649,0.00477433,-0.00867157,-0.01142674,-0.00528754,0.00719528,0.00865127,0.00170466,0.00321696,-0.00667549,0.00251759,-0.0048422,0.00645862,-0.00497233,0.00649249,0.00896276,-0.00414702,0.00970103,-0.00527291,0.00486637,-0.00067654,0.01054692,0.00328381,0.00156438,0.00075921,-0.00054429,-0.00329759,-0.00093277,-0.00366994,0.01457601,0.00315398,0.00500618,-0.00417065,0.01378612,0.0125149,0.00208062,0.00224349,0.0049229,0.00473351,0.0056404,-0.00138366,0.01180621,0.01316647,-0.00196597,-0.0047533,0.00314509,0.00687858,0.00850394,0.00649287,0.00638007,0.00239165,0.00104213,-0.0013372,-0.00383365,-0.00289893,-0.0007287,0.00009873,0.00250423,-0.00593012,-0.01268571,-0.00509274,-0.00610595,-0.00207773,-0.00907727,0.00239762,0.0034239,0.0009416,0.00566162,-0.00188472,0.0079353,-0.00109117,0.00331256,0.00961888,0.0029135,0.00168577,-0.00039826,-0.00308851,-0.00703713,0.01220236,-0.00169642,0.00205411,-0.00436689,-0.00132117,-0.0022409,-0.00023522,-0.00302021,-0.00758618,-0.00757108,-0.00000211,-0.00159125,0.00118723,0.00196254,-0.00559536,0.00587726,0.0093911,-0.00395062,-0.00528204,-0.00912978,-0.01196828,-0.01026361,-0.00240063,0.03846918,-0.00049716,-0.00271038,0.00631743,0.00282179,0.01127513,-0.00546336,-0.01404797,-0.00190574,0.00283881,-0.00729277,-0.00585585,-0.01455828,-0.01171495,-0.00472714,0.00211241,-0.01209374,-0.00199731,0.00446916,-0.00579916,-0.00164631,-0.00297183,-0.00008466,-0.00297211,-0.00182346,0.00044439,-0.00299698,0.00068902,-0.01081502,-0.00303943,-0.00529285,-0.00921033,0.00015324,0.00093635,-0.00450606,-0.00265358,-0.00977135,0.00082309,-0.00838763,-0.00664615,-0.00456163,0.00311685,0.00262209,-0.0009623,-0.00573701,-0.00289126,-0.00384634,-0.00665673,-0.01092776,-0.00835412,-0.00927746,-0.00720334,-0.0112254,-0.01335745,-0.01359823,-0.00931464,-0.00792311,-0.00856066,0.01421908,-0.00595513,0.00527964,0.00196479,0.01859656,0.00040695,0.00477818,-0.01468903,-0.00065299,-0.0064616,-0.01606414,-0.00810915,0.00521325,0.01009042,0.00160812,0.0050763,-0.0027838,0.0069218,-0.00383773,-0.00110491
-0.0000022,0.0047222,-0.00451384,0.00164761,-0.00247653,-0.00442885,0.00358992,0.005485,0.00237075,-0.00099315,0.00380062,0.00368084,0.0015316,0.00157896,-0.00494303,-0.00119357,-0.00219811,-0.00100325,0.00307679,-0.00181627,-0.00409299,-0.00296924,0.00286098,0.00601106,0.00114831,0.00006312,-0.0000728,-0.00184911,0.00166583,-0.00359361,0.00353242,0.00360161,-0.00012875,-0.00270214,-0.00061229,0.00368413,-0.00102399,-0.00013739,-0.00254635,-0.00045982,-0.00028285,-0.0018509,-0.0025071,0.00166746,0.00093704,-0.00291042,-0.00436746,-0.00623281,-0.00846259,-0.0019514,-0.00315904,-0.00058704,-0.0141522,0.0016214,0.00201026,0.00231316,0.00990972,-0.00136546,-0.00716522,0.00064993,0.00509795,0.00400877,0.0001744,0.01376969,0.0026813,-0.00209587,-0.00543193,0.00933571,0.00774731,0.00231323,-0.00090287,0.0016258,-0.0015211,0.00040935,0.00046275,0.00337923,0.00135779,0.00078528,-0.00397785,0.0008476,0.00055278,-0.00324326,0.00420281,0.00632471,0.00028285,-0.00294423,-0.00136143,-0.00121535,-0.00443411,0.00087352,0.02112606,-0.00046328,0.00613896,0.00644095,0.01046532,0.01244272,0.00117497,-0.00490101,-0.00123826,0.00179326,-0.00921101,-0.00365626,-0.00434702,-0.00044495,0.00007483,0.00537706,-0.00138706,-0.0030289,0.00214059,-0.00451371,-0.00572169,-0.00171973,0.00160128,-0.00012503,-0.00169858,0.00127012,-0.00149632,-0.00163982,-0.00604583,-0.00125278,-0.00546048,-0.00542314,0.00438913,-0.00529766,-0.00489642,0.00284571,-0.00561092,-0.00466548,-0.00048693,-0.01513158,-0.00348979,0.00071227,0.00604054,-0.00134976,-0.00595318,0.00014069,-0.00090915,-0.00070496,-0.00713473,0.0019472,-0.00335818,-0.0011978,-0.0100916,-0.00564613,-0.0058756,-0.00129115,-0.00577859,-0.00599115,0.01097158,-0.00067698,-0.00716998,0.0016634,0.00833557,-0.00357507,-0.00583869,-0.00965555,0.00288445,-0.01205278,-0.00665793,-0.01438092,0.00441096,-0.00245352,-0.00021086,0.00383215,-0.0019656,-0.00578103,-0.00465639,0.00308606,-0.00784809,0.0031269,0.00049124,0.0041054,0.00818588,0.00378364,0.00060983,0.00066829,0.00404197,0.00065128,0.00217329,-0.00164519,-0.00337841,-0.00267701,-0.0010153,-0.00323655,0.00760174,-0.00079043,-0.0025228,-0.00193365,0.00600305,0.00587554,0.00038718,-0.0013377,0.00206079,0.00007213,0.00164285,-0.00102908,0.01027146,0.01117391,0.00048122,-0.00298003,0.00097337,-0.00330384,-0.00199714,-0.00148811,-0.00468238,-0.00296523,-0.00136813,-0.00219744,-0.00197056,0.00401335,0.00119357,-0.00156709,-0.0014408,-0.00410142,-0.00916199,-0.00386917,-0.00505174,-0.00073462,-0.01011254,-0.00123439,-0.00135748,0.00148302,0.0067934,-0.00180881,-0.00278166,-0.000239,0.0028451,0.00825133,0.00021466,0.01084918,0.0020708,-0.00208393,-0.00232344,0.00490869,0.00530473,0.00203365,-0.002871,0.0015246,-0.00201302,0.00074311,0.00142658,-0.00371544,0.00274809,0.00013916,-0.00201141,-0.0014901,-0.00158481,-0.00280423,0.00288296,0.00529604,-0.00151349,-0.00203678,-0.00115635,-0.00541983,-0.00702192,-0.00030325,0.02244314,-0.0008374,0.00768327,0.00585819,0.01148581,0.01443852,0.00416722,-0.00356899,-0.00004272,0.00131964,-0.00512371,-0.00159525,-0.00290252,-0.00518518,-0.00118295,0.00014028,-0.0016445,-0.0040034,-0.00177955,-0.00458548,-0.00361419,-0.00557751,0.00067963,-0.00022337,-0.00132335,0.00119346,-0.0011863,0.00365177,-0.00743954,-0.00112819,0.00071286,-0.00556201,0.00148578,-0.00169865,-0.00327218,0.00111393,-0.00566263,0.00011585,-0.00520339,-0.0169713,-0.0062509,0.0066448,0.00068006,-0.00094954,-0.00973952,-0.00177805,-0.00146773,-0.00803816,-0.00531179,0.00109563,-0.00378454,-0.00210888,-0.0121194,-0.00510968,-0.00598858,-0.00316686,-0.00741177,-0.00578052,0.01166475,-0.00380523,-0.00210181,-0.00082146,0.00746496,-0.00454818,-0.00293649,-0.00020641,-0.00056804,-0.01399668,-0.00781701,-0.01524511,0.00528049,-0.00082411,0.0004272,-0.00074332,-0.00668366,-0.00629402,-0.00296453,-0.00080731
-0.00001702,0.00338903,-0.00547325,0.00034215,-0.00429343,-0.00635216,0.00178112,0.00383931,0.00148636,-0.00188343,0.00253663,0.00250138,0.00092036,-0.00026813,-0.00614569,-0.00281876,-0.00313912,-0.00190734,0.0012589,-0.00309078,-0.00512643,-0.00446371,0.00142729,0.00422099,0.00020339,-0.00164101,-0.00107901,-0.00309979,-0.00022511,-0.00461729,0.00263493,0.00218053,-0.00152835,-0.00340447,-0.00209862,-0.00041749,-0.00233458,-0.00067455,-0.00443636,-0.0023802,-0.00098287,-0.00268512,-0.00383436,0.00095453,-0.00059055,-0.00437792,-0.00681654,-0.00764468,-0.00867423,-0.00250617,-0.00436855,-0.00182618,-0.01445024,0.00051034,-0.00004912,-0.00016412,0.007632,-0.00257292,-0.00711969,-0.00059736,0.00386829,0.00210416,-0.00104661,0.01172231,0.00146022,-0.00330028,-0.00659822,0.00772689,0.00698224,0.00066512,-0.00187102,0.00100176,-0.00286959,-0.00087453,0.00014444,0.00065396,0.00128279,0.00031905,-0.00473948,-0.00042936,-0.0007604,-0.00427267,0.0022966,0.0036775,-0.00239518,-0.00371243,0.00057217,-0.00246345,-0.0047425,-0.00071787,0.02089511,-0.00178436,0.00438842,0.00366354,0.01194497,0.01142017,-0.00022126,-0.00703579,-0.00323712,0.00032477,-0.01178223,-0.00237068,-0.00499981,-0.00159065,-0.00124702,0.0048644,-0.00013623,-0.00378778,0.00205599,-0.00549946,-0.00648673,-0.0025964,0.00008618,-0.00108369,-0.00277262,0.00013499,-0.00264944,-0.00068162,-0.00772552,-0.0015845,-0.00598616,-0.00612937,0.00314465,-0.00781891,-0.00704525,0.00128109,-0.00731489,-0.00621839,-0.00165483,-0.0182884,-0.0048497,-0.00154683,0.00511404,-0.00194019,-0.00739028,-0.0003649,-0.00194836,-0.00144116,-0.004389,0.00065173,-0.00442414,-0.00204653,-0.00942361,-0.00648932,-0.00771348,-0.00127372,-0.0066557,-0.00586717,0.00942108,0.00062694,-0.01066308,0.0001618,0.00580102,-0.00503903,-0.00648246,-0.00938043,0.00164106,-0.01257763,-0.00833107,-0.01765723,0.00277538,-0.00468886,-0.0012146,0.00234268,-0.00296983,-0.00504319,-0.00593566,0.0019561,-0.00952487,0.00211084,-0.00013979,0.00250422,0.00610861,0.00259455,-0.00097397,-0.00040916,0.00292994,-0.00071397,0.00131878,-0.00255532,-0.0048136,-0.0038287,-0.00319226,-0.00455709,0.0041169,-0.00184153,-0.00376647,-0.00316977,0.00316419,0.00458419,-0.00142449,-0.00253247,0.00064116,-0.00086078,0.00053529,-0.00259411,0.00798006,0.00991051,-0.0005033,-0.00411309,-0.00028709,-0.0047734,-0.00316511,-0.00205442,-0.00593681,-0.00364918,-0.0025889,-0.00344691,-0.00315643,0.00275662,-0.00001808,-0.0030809,-0.00241681,-0.00587591,-0.0111951,-0.00481122,-0.00601313,-0.00201195,-0.01089379,-0.00222343,-0.00183876,-0.00008757,0.0061426,-0.00297026,-0.00436772,-0.00140156,0.00149991,0.00663342,-0.00119032,0.00963892,0.00098331,-0.00351406,-0.00390287,0.00423669,0.00338726,0.00088085,-0.0041225,0.00107786,-0.00295852,-0.00056489,0.00055179,-0.00537828,0.00090025,-0.00125001,-0.00314636,-0.00249738,-0.00283681,-0.00378867,0.00124521,0.00406629,-0.00423199,-0.00309654,-0.0020317,-0.00445473,-0.0079154,-0.00129121,0.01712378,-0.00212535,0.00545598,0.00483928,0.01253596,0.0124401,0.00387705,-0.00618605,-0.00180544,0.00016869,-0.00715791,-0.00260773,-0.00424806,-0.00788128,-0.00258009,-0.00307783,-0.00294614,-0.00488934,-0.00189447,-0.00533785,-0.0043584,-0.00623049,-0.00057903,-0.0014511,-0.00254917,0.00061735,-0.00235298,0.00296659,-0.00852194,-0.00234703,-0.0000282,-0.0068702,-0.00162283,-0.00392442,-0.00424662,0.00059418,-0.00714344,-0.00107524,-0.00706771,-0.0199122,-0.00752455,0.00454965,-0.00042094,-0.0020609,-0.01153862,-0.00314497,-0.00247571,-0.00921835,-0.00525253,-0.00012047,-0.00437735,-0.00321299,-0.01308958,-0.00546945,-0.0075593,-0.00339416,-0.00877943,-0.00647885,0.00943234,-0.00544437,-0.00437399,-0.00239061,0.00518096,-0.00579038,-0.0037136,-0.00141932,-0.00262939,-0.01519641,-0.00858567,-0.01213443,0.00430043,-0.00361298,-0.00090045,-0.00183448,-0.00870171,-0.00775309,-0.00439656,-0.00202052
-0.00000444,0.01001198,-0.00678841,0.00005492,0.00699878,0.00391484,0.00785923,0.00401799,0.00182622,0.00019073,0.0028739,0.00043828,-0.00059492,-0.00019266,-0.00279468,-0.00406236,-0.00116993,-0.00395625,0.00449384,0.00157242,-0.00091177,-0.00733315,0.00058915,0.00425789,0.00234519,0.00101792,0.00172681,0.00065621,0.00096274,-0.00152328,0.01181799,0.00935794,0.00127537,-0.00098045,0.00145696,-0.00038204,-0.0007108,0.00215553,-0.00257925,0.00149047,0.00142167,-0.00527829,-0.00148963,0.00250596,0.00321403,-0.00516045,-0.00163328,0.00110189,-0.00584687,0.00169343,-0.00629922,-0.00116944,0.00737007,0.00009339,0.00759045,0.00248891,-0.0026735,-0.00125636,-0.0007212,0.00017343,0.00293604,0.00651422,0.00453917,0.01247484,0.00148581,-0.00290031,-0.00556225,0.01034978,-0.00012025,0.00197065,-0.01053822,0.00395081,-0.00055139,-0.00125608,0.00292795,0.00289277,-0.00474838,-0.00121421,-0.00273253,-0.00190096,-0.00166735,-0.00406128,0.0019693,0.01773507,0.00072007,-0.00197712,-0.00078454,-0.00228634,-0.01034894,-0.00200031,0.03466022,-0.00010897,0.00816906,0.00699517,0.01392966,0.01564695,-0.00556033,-0.00876066,0.00156333,0.00252137,-0.0046455,-0.01296199,0.00838041,-0.00001873,-0.00031032,0.01163896,0.00695052,-0.00309898,-0.0035539,0.00093346,-0.00413906,-0.00227984,0.00166706,-0.0013824,-0.00051558,0.00019993,0.00053571,0.00156574,-0.00466482,-0.00145535,-0.00440787,-0.00711344,-0.0029062,0.00351846,-0.0017229,-0.0014527,-0.01328379,-0.00021376,-0.00146565,-0.01417194,0.0003873,-0.00362849,0.00404678,-0.0019654,-0.01375567,-0.00077294,-0.00199235,-0.01428993,-0.00608297,0.00152394,-0.00095746,-0.00179105,-0.01344287,-0.00577614,-0.0056605,-0.00870404,-0.01156475,-0.00826034,0.01450741,-0.0072054,-0.00743527,0.00482331,0.01605776,-0.00765011,-0.00900847,-0.00424745,-0.00245751,-0.00878034,-0.0085669,-0.0137912,0.0109538,0.00222307,0.00145666,0.00530123,-0.00413896,-0.00522677,-0.00069047,0.01090458,-0.00783214,0.00119534,0.00537335,0.00700013,0.00390949,0.00402516,0.00245189,0.00014348,0.00167015,0.00043114,0.00149938,-0.00405057,-0.00188196,-0.00392608,-0.00119778,-0.00507272,0.0027863,0.00107023,-0.00053469,-0.00534938,0.00138412,0.00262889,0.00190881,0.000687,0.00022816,0.00133395,0.00212025,0.00014466,0.01012909,0.00781726,0.00077002,-0.00139472,-0.00188924,-0.00099142,0.00044462,0.00197992,-0.00234834,0.00188363,0.00125345,-0.00493153,-0.00189418,0.00440226,0.00263011,-0.00504329,-0.0039319,0.00015399,-0.00862278,-0.00102876,-0.00430283,-0.00148461,0.0047195,-0.00021092,0.00212678,0.00148312,-0.00217103,-0.00143706,-0.00804773,0.00133258,0.00296474,0.01025433,0.00400081,0.00964043,0.0017819,-0.00272029,-0.0052768,0.01344714,0.00027709,0.00224048,-0.01035877,0.00287837,-0.00012122,-0.00202342,0.00261028,0.00038537,0.00020033,-0.00099243,-0.00292467,-0.0031382,-0.00048011,-0.00337977,0.00349544,0.01040248,-0.00088363,-0.00191611,-0.00153676,-0.00260323,-0.00994368,-0.00125467,0.03680741,-0.00111716,0.00659567,0.0111607,0.01119909,0.01310499,0.00070629,-0.01066963,0.00364481,0.00297571,-0.00411204,-0.01224838,0.00537244,0.0049695,-0.00271514,0.00869871,0.00574159,-0.00135906,0.00405485,-0.00140207,-0.00561404,-0.00536504,0.00197892,-0.00077345,-0.00200535,0.00452863,-0.00060245,0.00407567,-0.00482218,-0.00176775,-0.00388324,-0.00740201,-0.00061454,0.005462,-0.00202435,0.00174627,-0.01100803,0.00005115,0.00171415,-0.0138071,-0.00471519,-0.00305797,0.00301686,-0.00164423,-0.00825846,0.00097174,-0.00046962,-0.00920394,-0.00641349,0.00333221,-0.00117276,-0.00143567,-0.01228627,-0.00515397,-0.00533379,-0.00611777,-0.0116344,-0.00768969,0.01328435,-0.00549302,-0.0100532,0.00879096,0.01799731,-0.00502853,-0.00769313,-0.00441376,-0.00084564,-0.0094182,-0.00905051,-0.00938308,0.0091133,0.00707532,0.00308991,0.00246068,-0.00456653,-0.00519088,-0.00133323,-0.00059178
-0.00000015,0.00941077,-0.00756185,0.00325056,0.00053113,0.00286662,0.00632723,0.00055676,0.00206069,-0.00101218,0.00723955,0.00417202,0.00157171,-0.00179149,0.00071037,-0.00379695,-0.00004348,-0.00402647,-0.00389202,0.00114296,-0.00175018,-0.01267568,0.00033761,0.00262682,0.0031389,-0.00076177,0.00278622,0.00219957,0.00538192,0.00136974,0.01142117,0.009345,-0.00264178,-0.00227445,0.00094869,-0.00624508,-0.0021642,0.0016002,-0.00438563,-0.00246774,0.00222101,-0.00653639,-0.00307679,0.00397825,0.00226256,-0.00243236,0.00002159,0.00037533,-0.01070962,-0.00363843,-0.00539617,-0.00238594,-0.01277853,-0.00054201,0.00390311,-0.00086222,0.0065098,-0.00142871,-0.005472,-0.0009692,0.00226814,0.01050423,0.00407356,0.00994498,0.00046086,-0.00246432,-0.00544158,0.01188061,0.00271687,0.00010272,-0.00448988,0.00171784,-0.00130197,-0.00618207,0.00799551,-0.00439007,-0.003473,0.00257402,-0.00297116,-0.0010585,-0.00344274,-0.00288352,-0.00032184,0.00760193,-0.0041846,0.00033824,-0.00182122,-0.00374658,-0.00523012,0.00046112,0.03284138,-0.00139049,0.01066879,0.00620423,0.01248,0.01672825,-0.00027286,-0.01255082,-0.00267076,0.0033048,-0.00781197,-0.00599175,-0.00299258,-0.01006319,-0.00209689,0.00769366,-0.00169995,-0.00224418,0.00464526,-0.00392069,-0.00549591,-0.00588754,0.00124997,-0.00177562,-0.00058329,-0.00017975,-0.00123881,0.00780612,-0.00916027,-0.0011681,-0.00636069,-0.00771599,-0.00212306,0.00381503,-0.00340668,0.00456849,-0.01060493,0.00055371,-0.0030295,-0.01566394,-0.00398398,0.00430293,0.00288673,-0.00321348,-0.01282457,-0.00121376,-0.00010488,-0.0123495,-0.00516513,0.00163343,-0.00516258,-0.00010802,-0.01030817,-0.00416781,-0.00423813,-0.00294219,-0.01295218,-0.00535076,0.01501044,-0.01467514,-0.00286376,0.0038266,0.0127571,-0.00228758,-0.01241799,-0.0067991,-0.00398762,-0.00892452,-0.01131731,-0.01213842,0.01038556,0.00188857,0.00334411,0.00744821,-0.00470325,0.00152693,-0.00323946,0.00822949,-0.01159119,0.00553134,0.00207,0.00623546,0.0061085,-0.00035368,-0.00012428,-0.0001195,0.0037501,0.00301232,0.00685252,-0.00234709,-0.00178931,-0.00476296,-0.00291788,-0.00668778,-0.0011358,0.00003208,-0.00153371,-0.00587064,0.00256507,-0.00466203,-0.00045274,-0.00054255,0.0023187,0.0019886,0.00284733,-0.00025746,0.00826062,0.00727334,-0.00300619,-0.00177079,-0.00114125,-0.00551857,0.00075774,0.00093316,-0.00254151,-0.00255272,-0.00110802,-0.00764574,-0.00097854,0.00428529,-0.0002976,-0.0020344,-0.00181162,-0.00223393,-0.00378707,-0.00261239,-0.00441798,-0.00222403,-0.00177315,0.00269357,0.00898894,-0.00137491,0.00919421,-0.00134207,-0.00396681,-0.0004745,0.00272717,0.01092727,0.0026475,0.00837261,0.00215533,-0.00403446,-0.00455942,0.01399096,0.00058215,0.00102074,-0.00925595,-0.0006315,-0.00151189,-0.00519671,0.00589128,-0.00309527,-0.0031525,0.00002045,-0.00192414,0.00589907,-0.00283392,-0.00365207,0.00151327,0.00854733,-0.01006846,-0.00083336,0.0020563,-0.00204481,-0.00704311,0.00000339,0.03914174,-0.00183898,0.01316863,0.00853006,0.00189413,0.01249561,0.00325966,-0.01575893,0.00211707,0.00126311,-0.00782392,-0.00599299,-0.00470628,-0.00628397,-0.00338787,0.00692389,0.00428602,0.00056381,0.00770064,-0.00354846,-0.00430335,-0.00728641,0.0024359,-0.00330854,-0.00230374,0.00109251,-0.00221882,0.00753103,-0.00703859,-0.00204541,-0.00201944,-0.00880143,0.00069365,0.00469443,-0.00453076,0.00692302,-0.01043773,0.0002644,-0.00432271,-0.01997095,0.00189292,0.00298337,0.00169226,-0.00131852,-0.01253914,-0.00052489,-0.00156838,-0.00573385,-0.00990431,0.00082947,-0.00510481,0.00051493,-0.01292694,-0.00576338,-0.00447858,-0.00190524,-0.00997432,-0.00407025,0.01148824,-0.01097835,-0.00296459,0.0012506,0.01546994,-0.00448193,-0.00579661,-0.00523156,-0.00346575,-0.00456695,-0.01181951,-0.00836785,0.00630571,-0.0017832,0.00240355,0.00301978,0.00039538,-0.0023237,-0.00422335,-0.00108058
-0.00000577,0.00679294,0.00576293,-0.00217524,0.00631934,0.00412154,0.00822047,-0.0063823,0.0008157,-0.00085652,0.00300953,0.00399321,0.00234908,-0.0026965,-0.00396821,-0.00206221,-0.00350474,-0.00303102,0.00498795,-0.00226453,-0.00373508,-0.00820469,0.01298639,0.00232352,0.00304939,-0.00233393,-0.00272643,0.00031457,0.00289107,-0.00225357,0.00225136,0.00663366,-0.00099851,-0.00232422,0.00103205,0.0022727,0.00264106,-0.00230128,-0.00145737,-0.00808752,0.00221181,-0.00329981,-0.00412793,0.00360011,0.0005292,-0.00234061,-0.00044076,-0.00415298,-0.00762583,-0.00024959,-0.00460768,-0.00278614,0.00427444,-0.00108025,0.00494155,-0.0012254,0.01099576,-0.00178903,0.0015413,-0.00057002,0.0004233,0.00299096,-0.00196971,0.00622839,0.00238428,-0.0006646,-0.00469398,0.00531743,0.0025862,0.00416952,-0.00772098,0.00633091,-0.00234955,-0.00326278,-0.00400145,-0.00557645,0.00098873,0.00154768,-0.00461045,0.00105534,0.00019941,-0.00542487,0.00067428,0.0023319,-0.01306751,-0.00673183,-0.00628176,-0.01166261,0.00246341,-0.00183236,0.02801212,-0.00097499,0.00284917,0.00312162,0.0013365,-0.0016522,-0.00001292,-0.00650597,0.00025621,0.0042346,-0.00082833,0.00418978,-0.00661597,-0.00663666,-0.00198254,0.00712718,-0.00793584,-0.00039032,0.01321768,-0.00492924,-0.0008437,-0.00082707,-0.00301888,-0.00249707,0.00158962,-0.00053035,-0.00300165,-0.00316039,-0.00602724,-0.00312017,-0.00756752,-0.01043928,0.00173347,-0.00407425,-0.00339788,0.00037126,-0.01018292,-0.00009349,-0.0049175,-0.0117874,-0.00479738,0.01211621,-0.00268496,-0.00486385,-0.0115915,-0.00369097,-0.00125628,-0.01142659,-0.00781509,-0.01104274,-0.00825407,-0.00077457,-0.00581826,-0.00372207,-0.00538509,-0.00185559,-0.00849029,-0.00884745,0.00980691,-0.00265032,-0.00492262,-0.00195741,0.0123279,0.00397,-0.01156688,-0.01493091,0.00014815,-0.00496976,-0.01202396,-0.01606793,-0.00119938,0.00906876,0.0040532,-0.00166085,-0.00118703,-0.00306603,-0.00206032,0.00475818,-0.00082616,0.0015739,0.00232916,0.00037106,0.00759063,-0.00331791,0.00126824,-0.00680832,-0.00070569,-0.00056692,-0.00487178,0.00210124,-0.00304579,-0.00507225,-0.00263436,-0.0048606,0.01406048,-0.00011569,-0.00301102,-0.00585959,0.005035,0.02052293,-0.00375057,-0.00305389,0.00039234,0.00213593,0.00168394,-0.00162433,-0.00279246,0.00552514,-0.00245229,-0.00243578,-0.00076591,0.00849791,0.00050374,-0.0028366,0.00022472,0.00142497,0.00125728,-0.00840162,-0.00397916,-0.00042108,-0.00047724,-0.00045105,0.00201471,0.00028548,-0.00923437,-0.00264603,-0.0053552,-0.0024487,-0.0086864,0.00014488,-0.00334612,-0.00219475,-0.00379639,-0.00226131,0.00017246,0.00047564,0.00165902,0.00138259,0.00447873,0.00924734,0.00128395,-0.00175487,-0.00498465,0.0093658,0.00052168,0.00406456,-0.00960272,0.00397348,-0.00246501,-0.005291,-0.00915102,-0.01307013,-0.01048017,0.00127439,-0.00228482,-0.00870237,0.00251903,-0.00363647,0.00247572,0.00657874,-0.0108192,-0.0043722,-0.00199959,-0.00949054,-0.00216481,-0.00228118,0.02996448,-0.00099999,0.00416642,-0.0006486,0.00903131,0.00259618,-0.00653496,-0.00231121,0.0056379,0.00510261,-0.00316306,0.00533947,0.00199587,0.01066322,-0.00378343,-0.00051834,-0.00200297,-0.00218208,0.00093082,-0.00357325,-0.00492949,-0.00571202,-0.00207954,-0.00393745,-0.00150991,-0.00144503,-0.0005774,-0.01281811,-0.00917563,-0.00405841,-0.00601419,-0.00958463,0.00301139,-0.00068161,-0.00428361,0.00008104,-0.00214391,0.00092479,-0.00402712,-0.02174052,-0.00532792,0.00876624,-0.00549319,-0.00093217,-0.003906,0.00002872,-0.00053585,-0.00382808,-0.01438315,-0.00703588,-0.00726137,0.00070639,-0.00373242,-0.00902394,-0.00562311,0.00026646,-0.0149353,-0.0065468,0.01280995,-0.01048487,-0.00418126,0.00425573,0.01428187,0.00078753,-0.00118377,-0.0193714,-0.00356382,-0.0096779,-0.01451584,-0.01393758,-0.00524903,0.01040204,0.00674431,0.00189693,0.00251084,0.00946653,-0.00388622,-0.00167033
0.00002015,0.00538057,0.00346848,-0.00075197,0.00233073,-0.00074324,-0.00005082,-0.00434862,0.00167553,-0.00291691,0.00208718,0.00130464,-0.00032322,0.00019495,-0.00232534,-0.00507104,-0.00172421,-0.00169595,0.00590082,0.00011364,-0.00119729,-0.0074103,0.00444223,0.00749242,-0.0001947,-0.00059154,0.00038051,0.00003445,0.00115091,-0.00219664,0.00120618,0.00475859,-0.0012932,-0.00269359,-0.00241711,-0.00027687,-0.00201198,0.00075078,-0.00213888,0.0011236,0.00047714,-0.00257305,-0.00162619,-0.00096964,-0.00112713,-0.00456548,-0.00001243,0.00547289,-0.00287349,-0.00393378,-0.00190606,-0.00111073,-0.00023076,0.00000526,0.00746957,0.00125751,-0.0004121,-0.0018319,0.00113555,0.00112834,0.00088267,0.00525543,0.00067967,0.00841675,0.00104249,-0.00340492,-0.0055802,0.00532238,0.00079451,0.00015629,0.00014686,0.00114583,-0.00080644,-0.00575683,0.00068463,-0.0088919,-0.0027705,0.00650865,-0.00209213,-0.00335819,0.00311703,-0.00150679,0.00006758,0.00017096,-0.00806794,0.00169284,-0.0016983,0.00019991,-0.00486075,-0.0001442,0.01449413,-0.00013858,-0.00319964,-0.00251253,0.00557767,0.00681078,-0.00154593,-0.00464414,-0.0012275,0.00327822,-0.00418345,0.00066395,-0.00384936,-0.00161863,-0.00129786,0.00837042,-0.00249359,-0.00080863,0.00428316,-0.00504321,-0.00702288,0.003731,0.00053973,-0.00029227,0.00003173,0.00159595,-0.00231143,0.00154054,0.00012256,-0.0036713,-0.00850536,-0.00780903,0.00194711,0.00825101,-0.00332686,0.0022906,-0.01445514,0.00473586,0.00103614,-0.01240356,-0.00274884,0.01658668,0.00302532,-0.00308012,-0.00403744,-0.00235255,-0.00327832,-0.0120815,-0.00701663,0.00005692,-0.0074111,-0.00223701,-0.00363159,-0.00502065,-0.01397137,-0.00719416,-0.01015026,-0.00709286,0.01136795,-0.00412257,-0.00073245,-0.00108927,0.0162197,0.00709895,-0.00852465,-0.00150557,0.00228271,-0.00415252,-0.01407632,-0.00807835,0.00148859,-0.00652638,0.00189569,0.00816123,0.00505954,0.00220994,-0.00097462,0.00895882,0.00905442,0.00229354,0.00780352,-0.00044733,-0.00395275,0.00159755,-0.00222128,-0.00135513,0.00548466,0.00132869,0.00164256,0.00351556,-0.00228506,-0.00378494,-0.0025122,-0.00041053,0.01084141,0.00082161,-0.00072827,-0.0123428,0.00605813,0.00034457,-0.00293501,0.00043998,0.0070479,0.00454077,0.00336364,-0.00364912,0.00921372,0.00827552,-0.00300718,-0.00536852,-0.00046183,-0.00753863,-0.00164937,0.00043609,-0.00325232,-0.00100222,0.00329337,-0.0049332,0.00007625,-0.00179914,0.00013679,-0.000741,0.0061794,0.00611819,-0.00800486,-0.00748053,-0.00354888,-0.00028786,-0.00028713,-0.00110758,0.00923757,0.00015961,0.00089348,-0.00113838,-0.00144837,-0.00027315,0.00057783,0.00981923,0.00279388,0.01231749,0.00153831,-0.00415631,-0.00766077,0.00851125,0.00152496,0.00193201,-0.00713426,0.00314107,-0.00084115,-0.00279725,0.00009993,-0.0119117,-0.00908869,0.00488077,-0.00324511,-0.00070814,-0.00163165,-0.00219831,0.00412901,0.00400933,-0.00714905,-0.00070715,0.00356531,0.00000742,-0.00349679,-0.00039666,0.01977043,-0.00115812,-0.00413975,0.00643428,0.0039616,0.00658644,0.00077483,-0.00412088,0.00288803,0.003123,0.00006825,0.00009635,-0.00359132,-0.00620756,-0.00149702,0.00863165,-0.00429269,0.00317873,0.01348982,-0.00538125,-0.0071963,0.00084624,-0.00141204,0.00116909,-0.0004682,0.00190399,-0.00091462,-0.00130677,-0.00226344,-0.00382638,-0.00229328,-0.00658487,-0.00429408,0.00604299,-0.00224688,0.00095963,-0.01784082,0.00093943,0.00048872,-0.0143392,-0.0057521,0.01595915,-0.00058581,-0.00111413,-0.00682124,-0.00022565,-0.00396301,-0.00557199,-0.00758047,0.00033847,-0.00768723,-0.00414453,-0.00568264,-0.00678427,-0.0116519,-0.00696943,-0.00848153,-0.00579558,0.01072598,-0.0065096,-0.01033987,0.00095017,0.01775538,0.00091526,-0.01584587,-0.00250146,0.0043686,-0.00762365,-0.01428294,-0.00511438,0.00352076,0.00287941,0.00441396,0.00785042,0.00116172,0.00168934,-0.00438021,-0.00087771
-0.00001321,0.00568179,0.0070216,-0.00234593,0.00474624,-0.00087128,0.00523872,-0.00199435,-0.00087438,0.00039196,-0.00209555,0.00045889,-0.00305754,-0.00402823,-0.0002624,-0.00405113,-0.00344086,-0.0005158,0.0072072,-0.00003733,-0.00230174,-0.01103621,0.00870113,0.00840552,0.00021199,0.00036226,0.00361796,0.00447699,0.00596184,-0.00166194,0.00886173,0.00623544,-0.00222358,-0.00445009,-0.00012107,0.00112305,0.00178447,0.0005229,-0.00092148,-0.0025847,-0.00042472,-0.00692186,-0.00168847,0.0012509,0.00039311,-0.00782753,-0.00070834,0.00472651,-0.00832173,-0.00318583,-0.00667436,-0.00254687,0.00500324,-0.00084966,0.00170292,-0.00234244,0.0042335,-0.00152025,-0.00024001,0.00159823,-0.00205728,0.00394198,-0.0001431,0.01295776,0.0014849,0.00135338,-0.00457776,0.00476241,0.00434514,0.00438463,-0.00700631,0.00251078,-0.002101,-0.00462982,0.00320313,-0.00562553,-0.00025848,0.00044855,-0.00640042,0.00243359,-0.00236454,-0.00566145,0.0022527,0.00528834,-0.01176458,-0.00235219,-0.00578615,-0.00935226,-0.00600615,-0.00109646,0.02485091,-0.00094938,-0.00421148,0.01155544,0.00700552,0.00828258,-0.00373707,-0.00792314,0.01061344,0.00496484,-0.0049919,0.01206322,-0.0009825,-0.00100361,-0.00032864,0.00530155,0.00049701,0.00515691,0.01067557,-0.00215454,-0.00648244,0.00046972,0.00028976,-0.00024548,-0.00177267,-0.00193371,-0.00182538,-0.00854282,-0.0052297,-0.00465866,-0.0082345,-0.00950267,0.00257256,-0.00157729,-0.00326399,-0.0057966,-0.01381421,-0.0018123,-0.00264549,-0.01389789,-0.00699283,0.00153515,0.00015895,-0.00562136,-0.007868,-0.00198152,0.00018621,-0.01642382,-0.00628178,-0.00362628,-0.00747128,-0.0006976,-0.0079669,-0.00841795,-0.00331399,-0.00530953,-0.0068585,-0.00633839,0.01576289,0.00424663,0.00025279,-0.00281705,0.01442835,0.0061042,-0.02374218,-0.00389932,0.00248069,-0.00403987,-0.01253163,-0.00781805,0.00354733,0.0021299,0.00426026,-0.00113803,-0.00243999,0.00488813,0.00367026,0.00555531,0.00518333,-0.00048378,0.00491279,0.00150807,0.00442229,-0.00242758,0.0023296,-0.00030791,-0.00121146,0.00070839,-0.00138797,-0.00242192,0.00116502,-0.00343192,-0.00226414,-0.00266396,0.0100477,-0.00021727,-0.00364075,-0.02111788,0.00574171,0.01303339,0.00026346,-0.0007271,0.00111349,0.00075604,0.00058374,0.00028552,-0.00050096,0.01025162,-0.0048206,-0.00420199,0.0006047,0.00372451,0.00091677,0.00130855,-0.00245796,-0.00229728,0.00140501,-0.00857108,-0.00148632,-0.00110582,-0.00067164,-0.00793315,0.00464954,0.00678459,-0.01243516,-0.00040618,-0.00855442,-0.00215732,0.00281388,0.00000599,0.00541394,0.0005978,0.00035074,-0.00150358,0.00541084,0.00188463,-0.00153288,0.0034893,0.00068473,0.01059387,0.00186457,-0.00026488,-0.00692464,0.00912698,0.00408372,0.00688467,-0.00497159,0.00384822,-0.00338403,-0.00713022,0.00158417,-0.01130651,-0.00042998,-0.00052752,-0.00978005,0.00835676,-0.00150045,-0.00518864,0.00180282,0.00553779,-0.00967229,-0.00249993,-0.00206296,-0.00628509,-0.00772014,-0.00226795,0.02909165,-0.00108199,0.00377843,0.00935014,0.00702225,0.00252925,-0.00087448,-0.00621658,0.0113849,0.00485311,0.00337369,0.01689372,-0.00472325,0.00351612,0.00127323,0.00189836,0.00743606,0.00432534,0.02328609,-0.00650801,-0.00583246,0.00148966,0.00114846,-0.00112419,-0.00219008,0.00000089,-0.00140112,-0.01013855,-0.00545696,-0.00266475,-0.01068876,-0.00841823,0.00113481,0.00235036,-0.00182854,-0.00516638,-0.00591451,0.00148552,-0.00340571,-0.01859197,-0.00691815,0.00984941,-0.00222226,0.00046614,-0.00556708,0.00130608,-0.00024517,-0.00642279,-0.02198607,-0.00230162,-0.00726356,0.0002687,-0.00943437,-0.00636918,0.0021246,0.00028001,-0.01002384,-0.00851992,0.01198686,0.00116719,0.00146332,-0.00149193,0.01676069,0.00138004,-0.01512238,-0.01217536,0.00048755,-0.00678965,-0.00928246,-0.00947368,0.0000187,0.00754416,0.00429873,-0.00028596,-0.00297706,0.00921459,-0.00341669,-0.00124694
-0.00002998,0.00651306,0.00401319,-0.0020228,0.00175852,0.00155465,0.01066151,-0.00485211,0.00266919,-0.00427786,0.0073247,0.00407387,-0.00133796,-0.00165401,-0.00643845,-0.00619176,-0.00198484,-0.00276008,0.00950513,0.00066402,0.00125259,-0.0092715,0.00922462,0.00642718,0.00779423,-0.00098488,-0.00321778,-0.00246185,0.00185857,-0.00435123,0.00366821,0.01352487,-0.00352024,-0.00507345,0.00024351,0.01195716,-0.00017704,0.00187995,-0.00045587,0.00431929,0.00504543,-0.00565873,-0.00452326,0.00349337,0.00259304,-0.00208168,0.00020253,0.00089903,-0.00824801,-0.01168909,-0.00479169,-0.00330993,-0.00897859,-0.00029217,0.00470048,-0.00034762,0.00598643,-0.00274123,-0.00822822,-0.00067001,-0.00000594,0.009728,0.00086894,0.00743031,-0.00072688,-0.00285693,-0.00641893,0.00988657,-0.00246342,0.00350914,-0.00639237,0.00117475,-0.00204666,-0.00492697,-0.00173259,-0.00997171,-0.0057153,-0.00149919,-0.00454939,-0.001603,-0.00031545,-0.00812424,0.00021629,0.00814264,-0.00499435,-0.00347837,-0.00834738,-0.00755749,-0.00623356,-0.00125255,0.03522786,-0.00083373,-0.00842211,-0.00262224,0.0028912,0.01043624,-0.0048984,-0.00282037,0.00233367,0.00089816,-0.00295682,-0.00395793,-0.00972096,-0.01468415,-0.00223908,0.00509674,-0.00487721,-0.00063181,0.00704772,-0.0061403,-0.00349136,0.00241183,-0.00211095,-0.00420825,-0.00211338,-0.00005223,-0.0025974,0.00333577,-0.00228159,-0.00302607,-0.01217524,-0.0079918,0.00183562,0.00821992,-0.00151671,-0.00761354,-0.01027649,-0.00185409,-0.00838881,-0.00827895,-0.00554045,0.00755682,-0.00684494,-0.00085272,-0.00591456,-0.00512546,-0.00319999,-0.00895856,-0.00889652,-0.00256475,-0.01019758,-0.0029274,-0.01277953,-0.00658472,-0.0060316,-0.00650878,-0.01334094,-0.00974454,0.01461305,-0.01116922,0.00058732,-0.00309444,0.01819094,0.00263578,-0.02276746,-0.01359728,0.0063615,-0.00737766,-0.01626176,-0.00400718,0.00987549,0.0033202,0.00259506,0.0042005,-0.00429043,0.00206449,-0.00080746,0.00478432,0.0024943,-0.00088411,0.00775608,-0.00226693,0.01258575,-0.00615605,0.00300809,-0.00476033,0.00206751,-0.00107736,-0.00357622,-0.00123815,-0.00403171,-0.00517545,0.00067273,-0.00446632,0.01362218,0.00132315,-0.00063131,-0.00905458,0.01072002,0.01149954,0.00301069,-0.00138299,-0.00100984,0.00032928,0.00342527,-0.00142984,-0.000096,0.00985761,-0.00121691,-0.0051601,-0.00160554,0.00403224,0.0025731,0.00056165,-0.00074854,0.00578288,0.00495917,-0.00648064,-0.00138712,-0.00046194,-0.00070374,0.00164989,-0.00050333,0.00137608,-0.01078758,-0.00570113,-0.00390816,-0.00210091,-0.00955105,-0.00287023,0.0023505,-0.00185385,0.0042452,-0.00184886,-0.00086035,-0.00116916,0.00067324,0.00811976,0.00162365,0.01105526,0.00040947,-0.00200139,-0.00490201,0.01135022,0.00072771,0.0039552,-0.00605787,-0.00167927,-0.0024174,-0.00662136,-0.00023915,-0.00473871,-0.00742681,-0.00318844,-0.00438891,-0.00022017,-0.00053307,-0.00733425,0.00308504,0.00714429,-0.0042145,-0.00302112,-0.01038325,-0.00547066,-0.00859087,-0.00035584,0.03910369,-0.00093161,0.00899848,0.00667109,-0.0019869,0.00871128,-0.00119628,-0.00562404,0.00827319,0.00131343,-0.00071858,0.00137752,-0.01730956,-0.00646406,-0.00308658,0.00286687,-0.00614312,-0.00354148,0.00923893,-0.0060265,-0.00666235,-0.00444562,-0.00203113,-0.00208526,0.0005222,0.0018567,-0.00212221,0.00357324,-0.00452292,-0.00492677,-0.00997613,-0.00883564,-0.00482999,0.01361419,-0.00320698,-0.00500741,-0.01811975,0.00019334,-0.00638488,-0.00605866,-0.00656078,0.00711854,-0.00436301,0.00075146,-0.01063331,-0.00227213,-0.00263466,-0.00431697,-0.01337369,-0.00244204,-0.01032557,-0.00034598,-0.01394253,-0.00629937,-0.0043085,-0.00395474,-0.00502138,-0.00875761,0.0128875,-0.01082837,0.0039806,0.00220412,0.02334567,0.00052255,-0.00974557,-0.01108309,0.00277811,-0.00576351,-0.01887371,-0.00526802,0.00461765,0.00028941,0.00234398,0.00321658,-0.00933111,-0.00294784,-0.00039308,-0.00175434
-0.00000196,0.00619816,0.00731897,-0.00086467,0.00692766,-0.00684147,0.00242429,-0.00416048,0.00005176,-0.0009521,0.00314749,0.00225967,-0.0053598,-0.00002191,-0.00178308,-0.00534367,-0.00470411,-0.00460347,0.00850425,0.00033408,-0.00182171,-0.00925741,0.00856053,0.00518262,0.00171901,-0.00138119,0.00018485,0.00078434,0.00263178,-0.00129897,0.00350191,0.00890291,-0.00209917,-0.00344585,0.00137508,0.00321599,-0.00235711,-0.00095462,-0.00053622,-0.00095338,-0.00203376,-0.00864439,-0.0041663,0.00259668,-0.00085096,-0.00425963,0.00112069,-0.00224883,-0.00649511,-0.00068112,-0.01054097,-0.00251042,-0.00189702,0.00223935,0.00765043,0.00089694,0.00483123,-0.00164783,0.00750227,-0.00153128,-0.00137373,0.00179349,0.00225373,0.00877391,0.00045829,-0.00051082,-0.00253178,0.00507431,0.00435748,0.00239968,-0.0033852,0.00441796,-0.00233286,-0.00422619,0.00030239,-0.01067119,-0.00965663,-0.00046282,-0.00487061,0.00256779,-0.00073135,-0.00486139,0.00453363,0.00786191,-0.00732312,-0.00222818,-0.0055399,-0.00928268,-0.00620389,-0.00140085,0.02963381,-0.00002931,0.00045963,0.00127939,-0.00027876,0.00851718,-0.00674499,-0.00486042,0.00381271,0.00417931,-0.00809508,0.00720536,-0.00366919,-0.00061351,-0.00346476,0.0057955,-0.00011517,-0.00302606,0.00577062,-0.00471584,-0.0086522,-0.00327831,-0.00248917,-0.00392538,-0.002266,-0.00016151,-0.0025922,-0.00761269,-0.00666437,-0.00328383,-0.01188321,-0.00949707,-0.00064284,0.00097531,-0.00223484,-0.00338681,-0.01096885,-0.0039806,-0.00428094,-0.0100278,-0.00642681,0.00748803,-0.00227539,-0.00554139,-0.00221802,-0.00336274,-0.00234609,-0.00939703,-0.00676099,-0.00875412,-0.00509771,-0.00438597,-0.01087456,-0.00913332,-0.00444945,-0.0081386,-0.01098902,-0.00870852,0.01799252,-0.01604602,0.00642253,-0.0000986,0.01911653,0.00905861,-0.01686208,-0.00957045,0.0066432,-0.00253422,-0.01661184,-0.01040989,0.00895178,0.00301739,0.00438038,0.00718347,0.00099766,0.00615405,-0.00111205,0.00848231,0.0093548,0.00072714,0.00882037,-0.00730959,0.00068611,-0.00179472,-0.0008985,-0.00090458,0.00115068,0.00175342,-0.00093854,0.00212434,-0.00238975,-0.00370075,-0.00240672,-0.00304682,0.01353312,-0.00040113,-0.00230631,-0.00653715,0.00809374,0.00850092,-0.0027213,-0.00140632,0.00123249,-0.00200411,0.00205773,-0.00044429,0.00504499,0.01039586,-0.00052164,-0.00347001,-0.00126962,0.00151215,0.00274824,-0.00126571,-0.00169855,-0.00082718,-0.00316065,-0.0021837,-0.00103447,-0.00194652,-0.00011568,-0.00056727,0.00086019,-0.00044867,-0.00971733,-0.00058263,-0.00380411,-0.00203958,0.00347258,0.00012656,0.00381148,0.00010304,0.00411602,-0.00095942,0.00038133,0.00016503,-0.00093878,0.01046647,0.00349714,0.00961482,0.00023244,-0.00179133,-0.00375589,0.00799532,-0.00056541,0.00403281,-0.00429464,0.00225171,-0.00176875,-0.00344237,-0.00047529,-0.00544954,-0.00173776,-0.00098205,-0.00366855,0.00418349,-0.00119852,-0.00427247,0.00562529,0.00408552,-0.00414435,-0.00189235,-0.0027131,-0.00712539,-0.00780943,-0.00103274,0.03786162,-0.00038704,0.00649731,0.00611058,-0.00048945,0.00881741,0.00857164,-0.00728971,0.00655325,0.00147981,-0.00152117,0.00152898,-0.0052953,-0.00349407,-0.00148,0.00560239,0.0041919,-0.00349596,0.00559955,-0.0041157,-0.0086715,-0.0031941,-0.00176739,-0.00111245,-0.00160738,0.00221038,-0.00189258,-0.00680191,-0.01338186,-0.00536027,-0.01208202,-0.00965435,-0.00919298,0.00951147,-0.00146413,-0.00260412,-0.01384075,0.00073987,-0.00497961,-0.01113232,-0.00722308,0.0124124,-0.00101815,-0.00060718,-0.01170584,-0.00098925,-0.0012709,-0.00180472,-0.0160465,-0.00327628,-0.00467141,-0.00155085,-0.01336085,-0.00504403,-0.00344386,-0.00827075,-0.00763024,-0.00849302,0.01586652,-0.00081733,0.00060735,-0.00147589,0.02466673,0.00343134,-0.00781131,-0.00538069,0.00364477,-0.00284977,-0.0167518,-0.01017793,0.00906994,0.00857562,0.00138576,0.00217742,-0.00224629,0.00428135,-0.00413108,-0.00135306
0.00000928,0.00723364,-0.00694328,0.0015443,0.00213167,0.00813684,0.0059711,0.00194438,0.00152227,-0.00222624,0.00814296,0.00456943,0.00217804,-0.00125707,-0.00108509,-0.00387766,-0.00059711,-0.00438114,0.00689272,0.00015529,-0.00125464,-0.00624575,0.00522441,0.00700163,-0.00076485,-0.00038556,0.00113874,0.00111864,0.00342033,-0.00223297,0.010947,0.01424299,-0.00036833,-0.00212359,0.00116007,0.00003665,0.00087263,0.00243061,-0.00342579,-0.00072022,-0.00065446,-0.0050809,-0.00044052,0.00439908,0.00208669,-0.00261682,0.00189368,-0.00211196,-0.0064798,0.00029251,-0.00922492,-0.00200546,-0.0091364,0.00169732,0.00891281,0.00309184,-0.00345735,-0.00041074,-0.0038967,0.000193,0.00413421,0.01005134,0.00525209,0.01592592,0.00055583,-0.00273312,-0.00470265,0.0088084,0.00168496,0.00247455,-0.00642728,0.00452041,-0.00111329,-0.0031972,0.0026942,-0.00753418,-0.00864328,0.00409832,-0.00261363,0.00098323,0.00030607,-0.00454601,0.00073732,0.00847508,-0.00725582,0.00023897,-0.00056709,-0.00409898,-0.00472043,-0.00067858,0.02680487,-0.00035133,0.00562434,0.00350591,0.01272854,0.01032147,0.00273783,-0.00456565,0.00003966,0.00229886,-0.00571847,-0.00543107,-0.00411277,-0.00872285,-0.00096158,0.00499464,-0.00495747,0.00239687,0.0081198,-0.00170176,-0.00157439,-0.00317382,0.00145165,-0.00064203,0.00167551,0.00271946,0.00009329,0.0030614,-0.00870606,-0.00020927,-0.00950676,-0.00895305,-0.00024972,0.00381664,-0.00295415,0.00372237,-0.01724892,0.00195296,-0.00572678,-0.01810993,-0.00799835,0.0041484,0.00159613,-0.00349801,-0.01070847,-0.00175096,0.00037682,-0.01430564,-0.0067838,-0.0026351,-0.00283191,0.00040035,-0.00642742,-0.00398728,-0.00394203,-0.00030188,-0.0086017,-0.00600319,0.01617124,-0.00686062,0.00482865,0.00157569,0.01717662,0.00175875,-0.00800265,-0.00614704,0.00206994,-0.00539811,-0.01273027,-0.01135591,0.00935675,0.00897729,0.00392838,0.00572648,0.00184285,0.00706949,-0.00410009,0.0075079,-0.01115976,0.00166044,0.00306437,0.00418791,0.00772523,0.00108264,0.00022411,0.00107811,0.00433596,0.00198722,0.00194969,-0.00107496,-0.00234837,-0.00264702,-0.00082632,-0.00200048,0.00065847,0.00089706,-0.00175195,-0.00410966,0.00376449,0.00106416,-0.00117758,-0.0012145,0.00072658,0.00121422,0.00135015,-0.00117403,0.012471,0.00719319,0.00011494,-0.00158889,-0.00009694,-0.00285072,0.00571471,0.00201625,-0.00209211,0.00156425,0.00028209,-0.0039744,-0.00003768,-0.00016257,-0.00054366,0.00070009,0.00373854,-0.00200552,-0.00352219,-0.00384142,0.00242516,-0.00048627,-0.00219981,0.00157176,0.00637739,0.00095733,0.00099415,-0.00096497,0.00056779,0.00098622,0.0034987,0.01218746,0.00340517,0.01182452,0.00274116,-0.00134935,-0.00332943,0.01006039,0.00505647,0.00527113,-0.01146606,0.00247572,-0.00008972,-0.00388688,0.00265995,-0.00322707,-0.00716998,0.00365144,-0.00211176,0.00467313,0.00041969,-0.00429625,0.00055538,0.00375203,-0.00496525,0.00076801,0.00220127,-0.00393116,-0.0060154,0.00092078,0.02988784,-0.00086141,0.00457831,0.00142404,0.00518415,0.01163072,0.00664262,-0.0040287,0.00063155,0.00438709,-0.00628836,0.00779864,-0.00880656,-0.00164209,-0.00047219,0.00431684,-0.00114976,-0.00024482,0.00364262,-0.0035712,-0.00104781,-0.00371706,0.00291279,0.00214382,0.00278544,0.0026477,0.00055451,0.00796261,-0.00781065,-0.00294653,-0.00199819,-0.00799769,-0.00222021,0.00192942,-0.00230554,0.00773462,-0.01909728,0.00151475,-0.00386688,-0.01937244,-0.00405617,0.00089207,-0.00161725,-0.00060963,-0.00287084,0.00164275,0.00068807,-0.00085901,-0.00925753,0.00029697,-0.00341334,0.00066238,-0.00829685,0.00193186,-0.00310034,0.00043641,-0.00442336,-0.00401062,0.01250016,-0.0010132,-0.00256766,-0.00143619,0.02109609,-0.00026532,-0.00901965,-0.00421973,-0.00164294,-0.0058367,-0.0037731,-0.01166899,0.00458804,0.00446016,0.00342906,0.00298045,-0.00123653,0.00554714,-0.00224226,-0.00028235